work_order_id,vehicle_id,client_id,vendor_id,opened_date,closed_date,service_category,odometer_km,authorised_amount,invoice_amount,approval_status,effective_at,updated_at
WO-000001,VEH-00064,CLI-0014,MNT-VEN-005,2025-12-31,2026-01-03,Mechanical Repair,87817,996.78,1024.76,Approved,2026-05-24T14:59:00,2026-05-25T08:01:00
WO-000002,VEH-00069,CLI-0004,MNT-VEN-021,2025-08-01,2025-08-02,Mechanical Repair,114805,1137.96,1150.00,Queried,2026-05-24T14:58:00,2026-05-25T08:02:00
WO-000003,VEH-00095,CLI-0008,MNT-VEN-015,2026-05-02,2026-05-11,Scheduled Service,121756,1438.2,1548.72,Declined,2026-05-24T14:57:00,2026-05-25T08:03:00
WO-000004,VEH-00092,CLI-0005,MNT-VEN-003,2026-02-12,2026-02-15,Windscreen,71304,1561.57,1607.06,Queried,2026-05-24T14:56:00,2026-05-25T08:04:00
WO-000005,VEH-00087,CLI-0001,MNT-VEN-018,2025-10-23,2025-10-30,Brakes,152614,487.38,457.40,Declined,2026-05-24T14:55:00,2026-05-25T08:05:00
WO-000006,VEH-00032,CLI-0010,MNT-VEN-006,2025-08-14,2025-08-20,Tyres,51611,1354.34,1499.79,Queried,2026-05-24T14:54:00,2026-05-25T08:06:00
WO-000007,VEH-00071,CLI-0006,MNT-VEN-003,2025-12-02,2025-12-03,Brakes,131325,1098.76,1032.46,Queried,2026-05-24T14:53:00,2026-05-25T08:07:00
WO-000008,VEH-00060,CLI-0017,MNT-VEN-014,2025-12-02,2025-12-03,Scheduled Service,98595,382.59,392.35,Queried,2026-05-24T14:52:00,2026-05-25T08:08:00
WO-000009,VEH-00058,CLI-0018,MNT-VEN-017,2025-12-15,2025-12-15,Mechanical Repair,74161,1323.88,1455.83,Declined,2026-05-25T14:59:00,2026-05-26T08:01:00
WO-000010,VEH-00034,CLI-0011,MNT-VEN-016,2025-02-06,2025-02-07,Mechanical Repair,44839,749.0,715.11,Queried,2026-05-25T14:58:00,2026-05-26T08:02:00
WO-000011,VEH-00036,CLI-0003,MNT-VEN-013,2026-02-01,2026-02-03,Mechanical Repair,106447,2303.56,2183.05,Approved,2026-05-25T14:57:00,2026-05-26T08:03:00
WO-000012,VEH-00043,CLI-0013,MNT-VEN-015,2025-06-29,2025-07-09,Mechanical Repair,73508,2061.67,2310.18,Approved,2026-05-25T14:56:00,2026-05-26T08:04:00
WO-000013,VEH-00114,CLI-0001,MNT-VEN-007,2025-02-14,2025-02-16,Scheduled Service,50846,2524.94,2537.97,Declined,2026-05-25T14:55:00,2026-05-26T08:05:00
WO-000014,VEH-00036,CLI-0003,MNT-VEN-008,2025-05-22,2025-05-25,Battery,111102,1854.69,2025.20,Queried,2026-05-25T14:54:00,2026-05-26T08:06:00
WO-000015,VEH-00078,CLI-0003,MNT-VEN-007,2025-09-23,2025-09-26,Mechanical Repair,83980,1754.43,1743.54,Queried,2026-05-25T14:53:00,2026-05-26T08:07:00
WO-000016,VEH-00127,CLI-0017,MNT-VEN-013,2025-02-27,2025-03-09,Battery,83612,781.28,813.34,Queried,2026-05-25T14:52:00,2026-05-26T08:08:00
WO-000017,VEH-00082,CLI-0005,MNT-VEN-005,2025-07-18,2025-07-27,Windscreen,30027,2429.77,2500.89,Approved,2025-07-18T00:00:00,2025-07-26T00:00:00
WO-000018,VEH-00019,CLI-0009,MNT-VEN-001,2025-10-28,2025-11-01,Tyres,746,319.64,353.04,Queried,2025-10-28T00:00:00,2025-11-06T00:00:00
WO-000019,VEH-00074,CLI-0018,MNT-VEN-021,2025-12-31,2026-01-06,Windscreen,126059,1472.79,1379.25,Declined,2025-12-31T00:00:00,2026-01-09T00:00:00
WO-000020,VEH-00040,CLI-0008,MNT-VEN-009,2025-02-12,2025-02-20,Tyres,90131,964.35,990.66,Queried,2025-02-12T00:00:00,2025-02-22T00:00:00
WO-000021,VEH-00017,CLI-0017,MNT-VEN-010,2025-12-24,2025-12-27,Scheduled Service,66668,1303.71,1221.9,Queried,2025-12-24T00:00:00,2025-12-26T00:00:00
WO-000022,VEH-00117,CLI-0016,MNT-VEN-020,2025-11-08,2025-11-18,Mechanical Repair,4770,286.38,270.31,Approved,2025-11-08T00:00:00,2025-11-20T00:00:00
WO-000023,VEH-00003,CLI-0013,MNT-VEN-006,2025-09-12,2025-09-20,Battery,35524,2675.02,2550.35,Approved,2025-09-12T00:00:00,2025-09-24T00:00:00
WO-000024,VEH-00069,CLI-0004,MNT-VEN-004,2026-01-30,2026-02-04,Windscreen,120667,2533.73,2596.49,Approved,2026-01-30T00:00:00,2026-02-11T00:00:00
WO-000025,VEH-00148,CLI-0005,MNT-VEN-021,2025-02-09,2025-02-17,Brakes,9801,1459.75,1488.83,Declined,2025-02-09T00:00:00,2025-02-12T00:00:00
WO-000026,VEH-00095,CLI-0008,MNT-VEN-006,2025-05-11,2025-05-20,Mechanical Repair,122483,2197.06,2121.65,Declined,2025-05-11T00:00:00,2025-05-12T00:00:00
WO-000027,VEH-00012,CLI-0002,MNT-VEN-001,2025-05-06,2025-05-11,Windscreen,67100,262.31,250.71,Approved,2025-05-06T00:00:00,2025-05-15T00:00:00
WO-000028,VEH-00108,CLI-0009,MNT-VEN-008,2025-06-14,2025-06-19,Brakes,21929,800.38,827.84,Approved,2025-06-14T00:00:00,2025-06-23T00:00:00
WO-000029,VEH-00014,CLI-0018,MNT-VEN-006,2025-04-25,2025-04-25,Windscreen,55290,2279.54,2497.0,Approved,2025-04-25T00:00:00,2025-04-30T00:00:00
WO-000030,VEH-00084,CLI-0004,MNT-VEN-003,2025-10-11,2025-10-16,Tyres,83458,1354.94,1399.33,Approved,2025-10-11T00:00:00,2025-10-23T00:00:00
WO-000031,VEH-00063,CLI-0016,MNT-VEN-015,2025-07-08,2025-07-15,Tyres,37238,1713.9,1837.46,Approved,2025-07-08T00:00:00,2025-07-11T00:00:00
WO-000032,VEH-00002,CLI-0005,MNT-VEN-014,2025-01-13,2025-01-18,Mechanical Repair,107980,759.77,843.5,Approved,2025-01-13T00:00:00,2025-01-24T00:00:00
WO-000033,VEH-00097,CLI-0012,MNT-VEN-010,2025-02-23,2025-02-26,Windscreen,120107,685.82,762.79,Approved,2025-02-23T00:00:00,2025-03-07T00:00:00
WO-000034,VEH-00072,CLI-0014,MNT-VEN-003,2025-01-23,2025-01-31,Windscreen,95661,2590.59,2620.88,Approved,2025-01-23T00:00:00,2025-02-02T00:00:00
WO-000035,VEH-00025,CLI-0005,MNT-VEN-017,2025-03-10,2025-03-16,Scheduled Service,25986,1834.99,1847.83,Approved,2025-03-10T00:00:00,2025-03-14T00:00:00
WO-000036,VEH-00075,CLI-0018,MNT-VEN-009,2026-03-12,2026-03-18,Mechanical Repair,70420,977.92,961.9,Approved,2026-03-12T00:00:00,2026-03-16T00:00:00
WO-000037,VEH-00020,CLI-0018,MNT-VEN-007,2025-03-11,2025-03-20,Scheduled Service,98961,2214.63,2084.26,Queried,2025-03-11T00:00:00,2025-03-19T00:00:00
WO-000038,VEH-00081,CLI-0005,MNT-VEN-014,2025-03-03,2025-03-06,Windscreen,122525,1565.56,1585.39,Approved,2025-03-03T00:00:00,2025-03-05T00:00:00
WO-000039,VEH-00041,CLI-0005,MNT-VEN-022,2025-06-05,2025-06-14,Scheduled Service,110894,2338.19,2542.04,Approved,2025-06-05T00:00:00,2025-06-08T00:00:00
WO-000040,VEH-00024,CLI-0014,MNT-VEN-023,2025-05-08,2025-05-14,Battery,95391,2715.94,2866.51,Approved,2025-05-08T00:00:00,2025-05-11T00:00:00
WO-000041,VEH-00008,CLI-0018,MNT-VEN-013,2026-03-14,2026-03-22,Tyres,135782,1342.86,1359.52,Approved,2026-03-14T00:00:00,2026-03-16T00:00:00
WO-000042,VEH-00004,CLI-0011,MNT-VEN-002,2026-03-02,2026-03-05,Tyres,134717,2217.35,2405.24,Approved,2026-03-02T00:00:00,2026-03-13T00:00:00
WO-000043,VEH-00022,CLI-0004,MNT-VEN-019,2025-10-28,2025-10-29,Scheduled Service,52483,828.46,794.95,Queried,2025-10-28T00:00:00,2025-10-31T00:00:00
WO-000044,VEH-00024,CLI-0014,MNT-VEN-011,2025-03-04,2025-03-11,Scheduled Service,99291,253.57,280.15,Queried,2025-03-04T00:00:00,2025-03-16T00:00:00
WO-000045,VEH-00102,CLI-0008,MNT-VEN-016,2025-01-16,2025-01-22,Tyres,41826,1158.06,1115.15,Approved,2025-01-16T00:00:00,2025-01-21T00:00:00
WO-000046,VEH-00072,CLI-0014,MNT-VEN-015,2026-03-29,2026-04-07,Battery,91509,535.36,561.84,Queried,2026-03-29T00:00:00,2026-04-05T00:00:00
WO-000047,VEH-00141,CLI-0011,MNT-VEN-016,2025-02-01,2025-02-07,Tyres,133711,373.34,358.37,Declined,2025-02-01T00:00:00,2025-02-05T00:00:00
WO-000048,VEH-00140,CLI-0013,MNT-VEN-001,2025-07-15,2025-07-20,Windscreen,22231,2219.9,2389.25,Approved,2025-07-15T00:00:00,2025-07-25T00:00:00
WO-000049,VEH-00129,CLI-0017,MNT-VEN-011,2025-07-18,2025-07-18,Brakes,111332,859.36,795.65,Approved,2025-07-18T00:00:00,2025-07-19T00:00:00
WO-000050,VEH-00121,CLI-0011,MNT-VEN-017,2025-07-03,2025-07-06,Tyres,28032,2179.8,2113.47,Approved,2025-07-03T00:00:00,2025-07-08T00:00:00
WO-000051,VEH-00137,CLI-0010,MNT-VEN-002,2026-01-27,2026-01-30,Battery,168235,2790.4,2765.18,Approved,2026-01-27T00:00:00,2026-01-30T00:00:00
WO-000052,VEH-00061,CLI-0018,MNT-VEN-019,2025-06-12,2025-06-17,Battery,126604,2284.52,2423.17,Approved,2025-06-12T00:00:00,2025-06-22T00:00:00
WO-000053,VEH-00145,CLI-0014,MNT-VEN-005,2025-10-16,2025-10-23,Battery,109482,2662.66,2543.14,Approved,2025-10-16T00:00:00,2025-10-18T00:00:00
WO-000054,VEH-00015,CLI-0013,MNT-VEN-008,2025-11-05,2025-11-13,Windscreen,37601,722.03,712.17,Declined,2025-11-05T00:00:00,2025-11-09T00:00:00
WO-000055,VEH-00034,CLI-0011,MNT-VEN-011,2026-01-03,2026-01-08,Scheduled Service,42201,612.04,581.16,Approved,2026-01-03T00:00:00,2026-01-05T00:00:00
WO-000056,VEH-00135,CLI-0006,MNT-VEN-012,2026-05-07,2026-05-17,Windscreen,95808,332.93,328.71,Approved,2026-05-07T00:00:00,2026-05-10T00:00:00
WO-000057,VEH-00041,CLI-0005,MNT-VEN-014,2026-02-10,2026-02-17,Mechanical Repair,114245,1840.45,1757.33,Declined,2026-02-10T00:00:00,2026-02-22T00:00:00
WO-000058,VEH-00092,CLI-0005,MNT-VEN-008,2025-12-07,2025-12-09,Windscreen,74416,1706.61,1820.61,Approved,2025-12-07T00:00:00,2025-12-10T00:00:00
WO-000059,VEH-00046,CLI-0013,MNT-VEN-001,2026-05-01,2026-05-10,Windscreen,71004,2007.34,1919.86,Approved,2026-05-01T00:00:00,2026-05-11T00:00:00
WO-000060,VEH-00057,CLI-0008,MNT-VEN-021,2025-10-17,2025-10-24,Tyres,152940,416.93,445.73,Approved,2025-10-17T00:00:00,2025-10-23T00:00:00
WO-000061,VEH-00082,CLI-0005,MNT-VEN-006,2025-11-22,2025-11-23,Mechanical Repair,29055,2494.95,2518.22,Approved,2025-11-22T00:00:00,2025-11-26T00:00:00
WO-000062,VEH-00064,CLI-0014,MNT-VEN-023,2025-02-04,2025-02-05,Mechanical Repair,74990,1072.28,996.82,Queried,2025-02-04T00:00:00,2025-02-16T00:00:00
WO-000063,VEH-00108,CLI-0009,MNT-VEN-006,2026-03-29,2026-04-04,Brakes,37269,1241.29,1235.17,Queried,2026-03-29T00:00:00,2026-04-08T00:00:00
WO-000064,VEH-00058,CLI-0018,MNT-VEN-006,2025-08-20,2025-08-20,Brakes,63560,336.07,330.6,Approved,2025-08-20T00:00:00,2025-08-22T00:00:00
WO-000065,VEH-00088,CLI-0009,MNT-VEN-006,2026-03-31,2026-04-01,Battery,100022,1138.72,1124.59,Declined,2026-03-31T00:00:00,2026-04-08T00:00:00
WO-000066,VEH-00008,CLI-0018,MNT-VEN-014,2026-04-28,2026-05-07,Windscreen,137826,1878.67,1748.5,Approved,2026-04-28T00:00:00,2026-05-02T00:00:00
WO-000067,VEH-00049,CLI-0009,MNT-VEN-014,2025-12-23,2025-12-31,Brakes,49154,1613.94,1580.82,Approved,2025-12-23T00:00:00,2025-12-24T00:00:00
WO-000068,VEH-00101,CLI-0005,MNT-VEN-019,2025-10-09,2025-10-11,Scheduled Service,43374,2374.01,2185.9,Approved,2025-10-09T00:00:00,2025-10-14T00:00:00
WO-000069,VEH-00123,CLI-0004,MNT-VEN-007,2025-02-19,2025-02-21,Mechanical Repair,68498,208.46,232.52,Queried,2025-02-19T00:00:00,2025-02-21T00:00:00
WO-000070,VEH-00079,CLI-0005,MNT-VEN-013,2025-08-30,2025-09-09,Brakes,119351,1441.0,1510.7,Queried,2025-08-30T00:00:00,2025-09-02T00:00:00
WO-000071,VEH-00095,CLI-0008,MNT-VEN-013,2025-07-09,2025-07-09,Brakes,133113,636.31,644.59,Approved,2025-07-09T00:00:00,2025-07-14T00:00:00
WO-000072,VEH-00145,CLI-0014,MNT-VEN-002,2025-03-19,2025-03-29,Scheduled Service,102163,2140.95,2255.76,Declined,2025-03-19T00:00:00,2025-03-26T00:00:00
WO-000073,VEH-00059,CLI-0007,MNT-VEN-018,2025-02-01,2025-02-09,Windscreen,64758,2376.52,2512.97,Queried,2025-02-01T00:00:00,2025-02-11T00:00:00
WO-000074,VEH-00061,CLI-0018,MNT-VEN-016,2025-06-03,2025-06-03,Battery,142615,350.02,378.05,Declined,2025-06-03T00:00:00,2025-06-06T00:00:00
WO-000075,VEH-00031,CLI-0017,MNT-VEN-015,2025-03-30,2025-04-01,Tyres,85606,2664.5,2518.59,Queried,2025-03-30T00:00:00,2025-04-01T00:00:00
WO-000076,VEH-00112,CLI-0018,MNT-VEN-007,2026-02-26,2026-03-07,Brakes,15066,1808.42,1993.17,Approved,2026-02-26T00:00:00,2026-02-28T00:00:00
WO-000077,VEH-00100,CLI-0007,MNT-VEN-018,2025-07-23,2025-07-27,Battery,98141,1608.46,1774.83,Approved,2025-07-23T00:00:00,2025-08-04T00:00:00
WO-000078,VEH-00134,CLI-0004,MNT-VEN-014,2025-02-27,2025-03-01,Battery,156847,1242.42,1372.85,Declined,2025-02-27T00:00:00,2025-03-01T00:00:00
WO-000079,VEH-00074,CLI-0018,MNT-VEN-018,2026-03-27,2026-04-02,Brakes,125429,1054.69,1108.44,Declined,2026-03-27T00:00:00,2026-04-06T00:00:00
WO-000080,VEH-00122,CLI-0013,MNT-VEN-002,2025-03-30,2025-04-01,Battery,97474,872.6,809.56,Approved,2025-03-30T00:00:00,2025-04-11T00:00:00
WO-000081,VEH-00061,CLI-0018,MNT-VEN-002,2026-01-17,2026-01-21,Brakes,126342,1404.08,1386.63,Approved,2026-01-17T00:00:00,2026-01-22T00:00:00
WO-000082,VEH-00072,CLI-0014,MNT-VEN-016,2026-03-16,2026-03-17,Tyres,87859,1991.85,1952.2,Queried,2026-03-16T00:00:00,2026-03-22T00:00:00
WO-000083,VEH-00069,CLI-0004,MNT-VEN-014,2025-11-06,2025-11-09,Windscreen,118681,1857.18,2047.88,Queried,2025-11-06T00:00:00,2025-11-18T00:00:00
WO-000084,VEH-00125,CLI-0011,MNT-VEN-017,2026-03-21,2026-03-21,Battery,81591,1134.6,1058.72,Declined,2026-03-21T00:00:00,2026-03-28T00:00:00
WO-000085,VEH-00035,CLI-0011,MNT-VEN-017,2026-03-27,2026-03-29,Tyres,15691,1652.67,1797.1,Approved,2026-03-27T00:00:00,2026-03-28T00:00:00
WO-000086,VEH-00117,CLI-0016,MNT-VEN-002,2026-04-16,2026-04-19,Brakes,11085,1098.6,1191.65,Declined,2026-04-16T00:00:00,2026-04-23T00:00:00
WO-000087,VEH-00032,CLI-0010,MNT-VEN-022,2025-01-16,2025-01-23,Battery,61906,783.56,748.7,Queried,2025-01-16T00:00:00,2025-01-26T00:00:00
WO-000088,VEH-00142,CLI-0003,MNT-VEN-012,2025-06-26,2025-06-30,Mechanical Repair,29107,574.95,561.73,Queried,2025-06-26T00:00:00,2025-06-27T00:00:00
WO-000089,VEH-00042,CLI-0002,MNT-VEN-019,2026-02-04,2026-02-07,Mechanical Repair,129413,2706.68,2857.01,Approved,2026-02-04T00:00:00,2026-02-15T00:00:00
WO-000090,VEH-00105,CLI-0015,MNT-VEN-017,2025-01-11,2025-01-21,Scheduled Service,84628,2439.92,2689.53,Approved,2025-01-11T00:00:00,2025-01-21T00:00:00
WO-000091,VEH-00003,CLI-0013,MNT-VEN-008,2025-05-10,2025-05-14,Mechanical Repair,36052,1758.19,1766.57,Queried,2025-05-10T00:00:00,2025-05-16T00:00:00
WO-000092,VEH-00118,CLI-0005,MNT-VEN-009,2025-04-22,2025-05-02,Battery,56070,1381.42,1432.39,Approved,2025-04-22T00:00:00,2025-05-01T00:00:00
WO-000093,VEH-00096,CLI-0005,MNT-VEN-018,2025-11-28,2025-12-02,Brakes,141456,1719.43,1747.54,Approved,2025-11-28T00:00:00,2025-12-03T00:00:00
WO-000094,VEH-00084,CLI-0004,MNT-VEN-009,2025-05-14,2025-05-24,Brakes,80076,1885.28,1790.99,Approved,2025-05-14T00:00:00,2025-05-15T00:00:00
WO-000095,VEH-00104,CLI-0017,MNT-VEN-022,2025-06-13,2025-06-13,Mechanical Repair,125042,1950.81,2183.92,Approved,2025-06-13T00:00:00,2025-06-20T00:00:00
WO-000096,VEH-00104,CLI-0017,MNT-VEN-013,2026-01-13,2026-01-22,Tyres,119989,233.95,249.23,Approved,2026-01-13T00:00:00,2026-01-24T00:00:00
WO-000097,VEH-00137,CLI-0010,MNT-VEN-021,2026-02-06,2026-02-16,Brakes,172131,1405.46,1377.4,Approved,2026-02-06T00:00:00,2026-02-17T00:00:00
WO-000098,VEH-00143,CLI-0004,MNT-VEN-006,2025-05-31,2025-06-02,Mechanical Repair,34535,399.62,425.61,Declined,2025-05-31T00:00:00,2025-06-03T00:00:00
WO-000099,VEH-00086,CLI-0013,MNT-VEN-021,2025-02-15,2025-02-18,Mechanical Repair,127949,731.19,734.19,Approved,2025-02-15T00:00:00,2025-02-21T00:00:00
WO-000100,VEH-00067,CLI-0010,MNT-VEN-019,2025-05-31,2025-06-01,Windscreen,110205,1373.6,1501.73,Declined,2025-05-31T00:00:00,2025-06-10T00:00:00
WO-000101,VEH-00019,CLI-0009,MNT-VEN-016,2026-04-01,2026-04-02,Mechanical Repair,11947,657.49,674.56,Queried,2026-04-01T00:00:00,2026-04-02T00:00:00
WO-000102,VEH-00039,CLI-0018,MNT-VEN-005,2025-04-13,2025-04-22,Windscreen,74388,1051.5,1033.92,Approved,2025-04-13T00:00:00,2025-04-15T00:00:00
WO-000103,VEH-00125,CLI-0011,MNT-VEN-011,2025-11-20,2025-11-25,Mechanical Repair,78282,2764.46,2545.91,Approved,2025-11-20T00:00:00,2025-11-24T00:00:00
WO-000104,VEH-00044,CLI-0013,MNT-VEN-019,2026-01-27,2026-01-28,Tyres,44667,561.44,587.66,Queried,2026-01-27T00:00:00,2026-02-03T00:00:00
WO-000105,VEH-00123,CLI-0004,MNT-VEN-013,2025-01-03,2025-01-06,Mechanical Repair,71161,240.35,266.79,Approved,2025-01-03T00:00:00,2025-01-12T00:00:00
WO-000106,VEH-00049,CLI-0009,MNT-VEN-001,2025-12-13,2025-12-16,Tyres,51213,150.97,148.32,Approved,2025-12-13T00:00:00,2025-12-20T00:00:00
WO-000107,VEH-00129,CLI-0017,MNT-VEN-019,2025-06-06,2025-06-06,Brakes,113685,584.27,590.81,Declined,2025-06-06T00:00:00,2025-06-16T00:00:00
WO-000108,VEH-00135,CLI-0006,MNT-VEN-011,2025-08-11,2025-08-13,Brakes,108560,2502.01,2481.62,Approved,2025-08-11T00:00:00,2025-08-14T00:00:00
WO-000109,VEH-00104,CLI-0017,MNT-VEN-001,2025-04-27,2025-04-29,Tyres,109463,736.69,764.64,Approved,2025-04-27T00:00:00,2025-04-29T00:00:00
WO-000110,VEH-00094,CLI-0013,MNT-VEN-023,2025-11-30,2025-12-06,Mechanical Repair,158619,2247.06,2413.9,Declined,2025-11-30T00:00:00,2025-12-01T00:00:00
WO-000111,VEH-00013,CLI-0015,MNT-VEN-022,2025-02-25,2025-02-25,Scheduled Service,116958,1878.49,1884.79,Queried,2025-02-25T00:00:00,2025-02-27T00:00:00
WO-000112,VEH-00141,CLI-0011,MNT-VEN-009,2025-08-31,2025-09-03,Mechanical Repair,120278,2006.97,1967.28,Approved,2025-08-31T00:00:00,2025-09-11T00:00:00
WO-000113,VEH-00134,CLI-0004,MNT-VEN-009,2025-11-15,2025-11-17,Windscreen,157001,1750.99,1790.06,Declined,2025-11-15T00:00:00,2025-11-17T00:00:00
WO-000114,VEH-00073,CLI-0013,MNT-VEN-004,2026-02-06,2026-02-09,Battery,33933,422.66,454.61,Declined,2026-02-06T00:00:00,2026-02-10T00:00:00
WO-000115,VEH-00092,CLI-0005,MNT-VEN-023,2025-07-29,2025-07-29,Battery,80627,925.63,1020.11,Queried,2025-07-29T00:00:00,2025-08-04T00:00:00
WO-000116,VEH-00061,CLI-0018,MNT-VEN-001,2025-01-07,2025-01-08,Battery,141870,1926.54,1829.89,Approved,2025-01-07T00:00:00,2025-01-16T00:00:00
WO-000117,VEH-00020,CLI-0018,MNT-VEN-004,2026-04-09,2026-04-12,Windscreen,103569,820.67,798.37,Approved,2026-04-09T00:00:00,2026-04-11T00:00:00
WO-000118,VEH-00045,CLI-0013,MNT-VEN-002,2026-03-13,2026-03-23,Brakes,131990,912.91,974.72,Approved,2026-03-13T00:00:00,2026-03-14T00:00:00
WO-000119,VEH-00003,CLI-0013,MNT-VEN-005,2025-12-06,2025-12-11,Brakes,41372,1861.55,2068.21,Approved,2025-12-06T00:00:00,2025-12-18T00:00:00
WO-000120,VEH-00024,CLI-0014,MNT-VEN-012,2026-02-22,2026-02-23,Windscreen,106902,1051.64,1169.91,Approved,2026-02-22T00:00:00,2026-03-01T00:00:00
WO-000121,VEH-00123,CLI-0004,MNT-VEN-014,2025-11-29,2025-12-01,Scheduled Service,63278,2497.09,2645.0,Approved,2025-11-29T00:00:00,2025-12-02T00:00:00
WO-000122,VEH-00027,CLI-0004,MNT-VEN-014,2026-04-12,2026-04-21,Mechanical Repair,103017,1711.4,1636.53,Queried,2026-04-12T00:00:00,2026-04-18T00:00:00
WO-000123,VEH-00008,CLI-0018,MNT-VEN-022,2026-03-27,2026-03-29,Windscreen,148673,2370.51,2234.41,Queried,2026-03-27T00:00:00,2026-04-04T00:00:00
WO-000124,VEH-00012,CLI-0002,MNT-VEN-003,2025-05-14,2025-05-14,Mechanical Repair,79380,1882.23,2020.58,Declined,2025-05-14T00:00:00,2025-05-26T00:00:00
WO-000125,VEH-00145,CLI-0014,MNT-VEN-008,2026-05-16,2026-05-21,Battery,116496,2682.33,2836.96,Declined,2026-05-16T00:00:00,2026-05-18T00:00:00
WO-000126,VEH-00111,CLI-0004,MNT-VEN-022,2026-01-08,2026-01-13,Mechanical Repair,160107,801.21,760.94,Declined,2026-01-08T00:00:00,2026-01-18T00:00:00
WO-000127,VEH-00014,CLI-0018,MNT-VEN-001,2025-11-26,2025-12-04,Windscreen,69279,2625.43,2871.91,Approved,2025-11-26T00:00:00,2025-12-04T00:00:00
WO-000128,VEH-00083,CLI-0016,MNT-VEN-008,2025-06-19,2025-06-19,Battery,63931,2720.59,2802.47,Queried,2025-06-19T00:00:00,2025-06-26T00:00:00
WO-000129,VEH-00061,CLI-0018,MNT-VEN-003,2025-08-24,2025-09-02,Windscreen,128564,1321.54,1442.22,Queried,2025-08-24T00:00:00,2025-08-30T00:00:00
WO-000130,VEH-00031,CLI-0017,MNT-VEN-016,2026-01-17,2026-01-18,Windscreen,92802,1877.97,1741.19,Declined,2026-01-17T00:00:00,2026-01-18T00:00:00
WO-000131,VEH-00024,CLI-0014,MNT-VEN-020,2026-05-09,2026-05-13,Battery,100565,1786.72,1877.69,Queried,2026-05-09T00:00:00,2026-05-15T00:00:00
WO-000132,VEH-00094,CLI-0013,MNT-VEN-002,2026-02-23,2026-03-02,Brakes,165741,732.96,779.38,Approved,2026-02-23T00:00:00,2026-03-07T00:00:00
WO-000133,VEH-00116,CLI-0014,MNT-VEN-004,2025-02-19,2025-02-22,Scheduled Service,98669,2159.79,2140.41,Approved,2025-02-19T00:00:00,2025-02-28T00:00:00
WO-000134,VEH-00134,CLI-0004,MNT-VEN-012,2025-12-26,2025-12-28,Windscreen,158166,422.82,458.49,Queried,2025-12-26T00:00:00,2025-12-28T00:00:00
WO-000135,VEH-00066,CLI-0018,MNT-VEN-020,2025-04-11,2025-04-17,Tyres,88327,638.87,693.11,Approved,2025-04-11T00:00:00,2025-04-23T00:00:00
WO-000136,VEH-00087,CLI-0001,MNT-VEN-004,2026-01-23,2026-02-02,Mechanical Repair,155065,1242.49,1334.97,Queried,2026-01-23T00:00:00,2026-01-31T00:00:00
WO-000137,VEH-00130,CLI-0011,MNT-VEN-005,2026-05-09,2026-05-17,Mechanical Repair,64650,1466.88,1511.84,Queried,2026-05-09T00:00:00,2026-05-19T00:00:00
WO-000138,VEH-00124,CLI-0007,MNT-VEN-017,2026-02-04,2026-02-06,Mechanical Repair,124312,2590.29,2761.51,Approved,2026-02-04T00:00:00,2026-02-06T00:00:00
WO-000139,VEH-00100,CLI-0007,MNT-VEN-022,2025-11-04,2025-11-09,Battery,95733,1752.39,1758.93,Declined,2025-11-04T00:00:00,2025-11-16T00:00:00
WO-000140,VEH-00064,CLI-0014,MNT-VEN-009,2025-07-23,2025-07-27,Windscreen,79319,2703.16,2561.61,Declined,2025-07-23T00:00:00,2025-08-04T00:00:00
WO-000141,VEH-00132,CLI-0018,MNT-VEN-010,2026-03-08,2026-03-13,Mechanical Repair,115114,2005.97,1926.09,Declined,2026-03-08T00:00:00,2026-03-20T00:00:00
WO-000142,VEH-00075,CLI-0018,MNT-VEN-022,2025-06-26,2025-06-28,Mechanical Repair,65556,2590.37,2644.19,Approved,2025-06-26T00:00:00,2025-07-08T00:00:00
WO-000143,VEH-00030,CLI-0011,MNT-VEN-012,2025-10-15,2025-10-24,Mechanical Repair,77452,1417.78,1495.55,Declined,2025-10-15T00:00:00,2025-10-20T00:00:00
WO-000144,VEH-00109,CLI-0012,MNT-VEN-001,2025-09-25,2025-10-01,Tyres,30780,423.21,446.09,Approved,2025-09-25T00:00:00,2025-09-30T00:00:00
WO-000145,VEH-00042,CLI-0002,MNT-VEN-010,2025-12-16,2025-12-16,Mechanical Repair,131708,806.49,774.88,Declined,2025-12-16T00:00:00,2025-12-17T00:00:00
WO-000146,VEH-00092,CLI-0005,MNT-VEN-015,2025-02-22,2025-03-04,Mechanical Repair,71713,1778.85,1900.67,Declined,2025-02-22T00:00:00,2025-03-01T00:00:00
WO-000147,VEH-00061,CLI-0018,MNT-VEN-017,2026-02-06,2026-02-10,Mechanical Repair,127219,2259.58,2497.5,Queried,2026-02-06T00:00:00,2026-02-13T00:00:00
WO-000148,VEH-00081,CLI-0005,MNT-VEN-018,2025-01-28,2025-02-01,Tyres,126941,174.49,189.49,Approved,2025-01-28T00:00:00,2025-02-07T00:00:00
WO-000149,VEH-00140,CLI-0013,MNT-VEN-020,2025-04-11,2025-04-14,Brakes,19095,2204.55,2106.42,Approved,2025-04-11T00:00:00,2025-04-14T00:00:00
WO-000150,VEH-00045,CLI-0013,MNT-VEN-017,2025-03-03,2025-03-09,Brakes,126689,1143.35,1081.62,Declined,2025-03-03T00:00:00,2025-03-08T00:00:00
WO-000151,VEH-00002,CLI-0005,MNT-VEN-011,2025-08-27,2025-08-29,Scheduled Service,112702,2027.77,2242.16,Declined,2025-08-27T00:00:00,2025-08-28T00:00:00
WO-000152,VEH-00078,CLI-0003,MNT-VEN-016,2026-02-09,2026-02-14,Scheduled Service,81559,1663.32,1705.04,Approved,2026-02-09T00:00:00,2026-02-18T00:00:00
WO-000153,VEH-00018,CLI-0008,MNT-VEN-017,2025-03-23,2025-03-31,Windscreen,68370,1246.38,1233.76,Approved,2025-03-23T00:00:00,2025-04-03T00:00:00
WO-000154,VEH-00085,CLI-0005,MNT-VEN-011,2025-07-04,2025-07-13,Battery,57120,920.91,1030.8,Approved,2025-07-04T00:00:00,2025-07-06T00:00:00
WO-000155,VEH-00089,CLI-0010,MNT-VEN-015,2025-05-04,2025-05-13,Battery,163954,2545.96,2830.55,Approved,2025-05-04T00:00:00,2025-05-11T00:00:00
WO-000156,VEH-00030,CLI-0011,MNT-VEN-013,2025-05-12,2025-05-16,Scheduled Service,80709,1577.03,1710.17,Approved,2025-05-12T00:00:00,2025-05-21T00:00:00
WO-000157,VEH-00131,CLI-0003,MNT-VEN-015,2025-09-07,2025-09-17,Tyres,41299,256.65,262.49,Approved,2025-09-07T00:00:00,2025-09-10T00:00:00
WO-000158,VEH-00138,CLI-0016,MNT-VEN-018,2025-01-04,2025-01-07,Mechanical Repair,78712,1807.64,1975.73,Queried,2025-01-04T00:00:00,2025-01-06T00:00:00
WO-000159,VEH-00053,CLI-0017,MNT-VEN-018,2026-03-01,2026-03-07,Mechanical Repair,83853,2009.3,2148.7,Approved,2026-03-01T00:00:00,2026-03-02T00:00:00
WO-000160,VEH-00118,CLI-0005,MNT-VEN-023,2025-06-19,2025-06-20,Scheduled Service,48889,240.78,259.76,Declined,2025-06-19T00:00:00,2025-06-21T00:00:00
WO-000161,VEH-00148,CLI-0005,MNT-VEN-008,2026-04-12,2026-04-18,Windscreen,21237,828.0,833.47,Approved,2026-04-12T00:00:00,2026-04-19T00:00:00
WO-000162,VEH-00031,CLI-0017,MNT-VEN-018,2025-01-04,2025-01-13,Scheduled Service,80782,1846.18,1957.28,Approved,2025-01-04T00:00:00,2025-01-10T00:00:00
WO-000163,VEH-00129,CLI-0017,MNT-VEN-004,2025-05-29,2025-06-02,Battery,106990,2233.13,2180.21,Queried,2025-05-29T00:00:00,2025-06-05T00:00:00
WO-000164,VEH-00102,CLI-0008,MNT-VEN-022,2025-01-16,2025-01-24,Tyres,34696,1400.81,1497.95,Declined,2025-01-16T00:00:00,2025-01-21T00:00:00
WO-000165,VEH-00037,CLI-0001,MNT-VEN-010,2025-12-13,2025-12-23,Brakes,10529,2499.36,2576.1,Declined,2025-12-13T00:00:00,2025-12-16T00:00:00
WO-000166,VEH-00032,CLI-0010,MNT-VEN-002,2025-01-03,2025-01-09,Battery,65230,1663.43,1845.4,Approved,2025-01-03T00:00:00,2025-01-07T00:00:00
WO-000167,VEH-00089,CLI-0010,MNT-VEN-007,2025-07-31,2025-08-08,Tyres,161239,2548.97,2438.85,Declined,2025-07-31T00:00:00,2025-08-05T00:00:00
WO-000168,VEH-00050,CLI-0001,MNT-VEN-004,2025-04-03,2025-04-12,Scheduled Service,170198,1924.8,1948.39,Declined,2025-04-03T00:00:00,2025-04-05T00:00:00
WO-000169,VEH-00075,CLI-0018,MNT-VEN-022,2025-02-04,2025-02-07,Mechanical Repair,75694,806.83,895.83,Approved,2025-02-04T00:00:00,2025-02-07T00:00:00
WO-000170,VEH-00061,CLI-0018,MNT-VEN-004,2025-05-26,2025-05-29,Brakes,141600,1787.91,1806.02,Declined,2025-05-26T00:00:00,2025-06-06T00:00:00
WO-000171,VEH-00079,CLI-0005,MNT-VEN-023,2025-10-27,2025-11-05,Brakes,126730,545.37,606.31,Approved,2025-10-27T00:00:00,2025-10-28T00:00:00
WO-000172,VEH-00081,CLI-0005,MNT-VEN-008,2026-02-07,2026-02-17,Windscreen,121489,729.26,793.45,Approved,2026-02-07T00:00:00,2026-02-18T00:00:00
WO-000173,VEH-00085,CLI-0005,MNT-VEN-016,2025-08-25,2025-08-29,Windscreen,45126,1324.65,1265.25,Declined,2025-08-25T00:00:00,2025-08-27T00:00:00
WO-000174,VEH-00072,CLI-0014,MNT-VEN-005,2026-04-02,2026-04-06,Mechanical Repair,85961,1572.72,1675.71,Approved,2026-04-02T00:00:00,2026-04-11T00:00:00
WO-000175,VEH-00008,CLI-0018,MNT-VEN-019,2025-10-24,2025-11-02,Tyres,133880,1217.66,1254.58,Declined,2025-10-24T00:00:00,2025-11-02T00:00:00
WO-000176,VEH-00121,CLI-0011,MNT-VEN-021,2026-02-01,2026-02-07,Tyres,34286,535.36,506.87,Declined,2026-02-01T00:00:00,2026-02-10T00:00:00
WO-000177,VEH-00024,CLI-0014,MNT-VEN-013,2025-07-06,2025-07-16,Tyres,99221,1475.76,1581.2,Approved,2025-07-06T00:00:00,2025-07-14T00:00:00
WO-000178,VEH-00041,CLI-0005,MNT-VEN-006,2025-10-17,2025-10-27,Tyres,119692,2663.57,2950.8,Approved,2025-10-17T00:00:00,2025-10-21T00:00:00
WO-000179,VEH-00125,CLI-0011,MNT-VEN-008,2025-02-02,2025-02-05,Scheduled Service,83157,843.19,863.07,Approved,2025-02-02T00:00:00,2025-02-09T00:00:00
WO-000180,VEH-00121,CLI-0011,MNT-VEN-015,2026-03-28,2026-04-07,Brakes,28133,263.52,279.53,Declined,2026-03-28T00:00:00,2026-04-08T00:00:00
WO-000181,VEH-00071,CLI-0006,MNT-VEN-009,2025-10-24,2025-10-26,Windscreen,138305,1587.97,1576.95,Approved,2025-10-24T00:00:00,2025-11-02T00:00:00
WO-000182,VEH-00065,CLI-0002,MNT-VEN-013,2026-05-14,2026-05-22,Windscreen,29845,2553.26,2766.33,Approved,2026-05-14T00:00:00,2026-05-22T00:00:00
WO-000183,VEH-00124,CLI-0007,MNT-VEN-020,2025-01-04,2025-01-06,Windscreen,124048,1474.89,1424.74,Declined,2025-01-04T00:00:00,2025-01-15T00:00:00
WO-000184,VEH-00072,CLI-0014,MNT-VEN-007,2025-03-18,2025-03-23,Battery,87333,637.17,670.44,Queried,2025-03-18T00:00:00,2025-03-24T00:00:00
WO-000185,VEH-00030,CLI-0011,MNT-VEN-016,2025-12-12,2025-12-15,Battery,69056,1413.65,1483.55,Queried,2025-12-12T00:00:00,2025-12-13T00:00:00
WO-000186,VEH-00063,CLI-0016,MNT-VEN-002,2025-03-07,2025-03-09,Tyres,36127,1665.47,1545.29,Declined,2025-03-07T00:00:00,2025-03-10T00:00:00
WO-000187,VEH-00015,CLI-0013,MNT-VEN-006,2025-05-13,2025-05-21,Windscreen,38189,2593.71,2841.93,Approved,2025-05-13T00:00:00,2025-05-15T00:00:00
WO-000188,VEH-00056,CLI-0014,MNT-VEN-015,2025-11-07,2025-11-14,Tyres,121674,2780.78,3020.13,Declined,2025-11-07T00:00:00,2025-11-10T00:00:00
WO-000189,VEH-00150,CLI-0004,MNT-VEN-006,2025-11-16,2025-11-20,Tyres,97104,1894.67,2092.6,Declined,2025-11-16T00:00:00,2025-11-26T00:00:00
WO-000190,VEH-00018,CLI-0008,MNT-VEN-008,2025-07-13,2025-07-14,Scheduled Service,71988,1165.33,1193.93,Declined,2025-07-13T00:00:00,2025-07-24T00:00:00
WO-000191,VEH-00108,CLI-0009,MNT-VEN-005,2025-11-07,2025-11-14,Battery,20656,396.15,434.01,Declined,2025-11-07T00:00:00,2025-11-16T00:00:00
WO-000192,VEH-00031,CLI-0017,MNT-VEN-003,2025-09-04,2025-09-13,Battery,79330,1893.98,2082.23,Queried,2025-09-04T00:00:00,2025-09-13T00:00:00
WO-000193,VEH-00108,CLI-0009,MNT-VEN-012,2026-03-24,2026-04-01,Windscreen,26896,255.55,283.06,Queried,2026-03-24T00:00:00,2026-03-31T00:00:00
WO-000194,VEH-00090,CLI-0008,MNT-VEN-019,2026-02-16,2026-02-25,Scheduled Service,46797,2112.11,1999.69,Queried,2026-02-16T00:00:00,2026-02-20T00:00:00
WO-000195,VEH-00022,CLI-0004,MNT-VEN-010,2025-11-03,2025-11-09,Brakes,56564,2472.2,2277.13,Approved,2025-11-03T00:00:00,2025-11-13T00:00:00
WO-000196,VEH-00134,CLI-0004,MNT-VEN-004,2025-09-24,2025-10-04,Tyres,163915,159.14,159.42,Approved,2025-09-24T00:00:00,2025-09-27T00:00:00
WO-000197,VEH-00110,CLI-0014,MNT-VEN-021,2025-10-27,2025-11-04,Windscreen,49542,814.66,849.19,Queried,2025-10-27T00:00:00,2025-10-31T00:00:00
WO-000198,VEH-00106,CLI-0017,MNT-VEN-018,2026-02-06,2026-02-08,Brakes,157380,1623.12,1575.65,Approved,2026-02-06T00:00:00,2026-02-16T00:00:00
WO-000199,VEH-00089,CLI-0010,MNT-VEN-023,2025-07-23,2025-08-02,Scheduled Service,163494,2097.18,2116.72,Approved,2025-07-23T00:00:00,2025-07-25T00:00:00
WO-000200,VEH-00055,CLI-0009,MNT-VEN-017,2025-07-25,2025-08-02,Battery,134135,2230.98,2124.22,Approved,2025-07-25T00:00:00,2025-07-27T00:00:00
WO-000201,VEH-00038,CLI-0004,MNT-VEN-016,2026-04-20,2026-04-21,Scheduled Service,121637,1736.65,1674.75,Approved,2026-04-20T00:00:00,2026-04-30T00:00:00
WO-000202,VEH-00010,CLI-0003,MNT-VEN-013,2026-04-22,2026-05-01,Mechanical Repair,70232,2758.63,2695.99,Declined,2026-04-22T00:00:00,2026-04-23T00:00:00
WO-000203,VEH-00045,CLI-0013,MNT-VEN-021,2025-09-11,2025-09-14,Mechanical Repair,135009,1307.67,1277.85,Approved,2025-09-11T00:00:00,2025-09-21T00:00:00
WO-000204,VEH-00131,CLI-0003,MNT-VEN-017,2025-12-24,2025-12-26,Mechanical Repair,31984,756.24,750.16,Approved,2025-12-24T00:00:00,2025-12-27T00:00:00
WO-000205,VEH-00023,CLI-0002,MNT-VEN-009,2026-02-04,2026-02-14,Windscreen,78955,1202.49,1247.25,Declined,2026-02-04T00:00:00,2026-02-05T00:00:00
WO-000206,VEH-00018,CLI-0008,MNT-VEN-003,2025-10-09,2025-10-17,Battery,76764,896.75,887.33,Approved,2025-10-09T00:00:00,2025-10-13T00:00:00
WO-000207,VEH-00050,CLI-0001,MNT-VEN-015,2026-04-22,2026-04-22,Brakes,157949,1214.52,1216.26,Approved,2026-04-22T00:00:00,2026-05-01T00:00:00
WO-000208,VEH-00019,CLI-0009,MNT-VEN-017,2025-05-31,2025-06-01,Battery,7885,1044.31,1143.75,Declined,2025-05-31T00:00:00,2025-06-05T00:00:00
WO-000209,VEH-00114,CLI-0001,MNT-VEN-013,2025-10-16,2025-10-19,Brakes,53298,1426.46,1506.79,Declined,2025-10-16T00:00:00,2025-10-17T00:00:00
WO-000210,VEH-00124,CLI-0007,MNT-VEN-004,2025-05-13,2025-05-23,Tyres,126156,319.69,345.28,Queried,2025-05-13T00:00:00,2025-05-19T00:00:00
WO-000211,VEH-00133,CLI-0012,MNT-VEN-018,2025-01-05,2025-01-09,Tyres,42474,2004.18,1881.12,Approved,2025-01-05T00:00:00,2025-01-07T00:00:00
WO-000212,VEH-00142,CLI-0003,MNT-VEN-006,2025-09-01,2025-09-04,Battery,34963,974.9,932.55,Approved,2025-09-01T00:00:00,2025-09-09T00:00:00
WO-000213,VEH-00052,CLI-0014,MNT-VEN-008,2026-01-12,2026-01-16,Tyres,44615,783.87,752.95,Approved,2026-01-12T00:00:00,2026-01-22T00:00:00
WO-000214,VEH-00092,CLI-0005,MNT-VEN-005,2026-02-03,2026-02-04,Mechanical Repair,80506,423.79,441.92,Declined,2026-02-03T00:00:00,2026-02-04T00:00:00
WO-000215,VEH-00124,CLI-0007,MNT-VEN-012,2025-11-14,2025-11-23,Brakes,134704,979.01,936.49,Declined,2025-11-14T00:00:00,2025-11-19T00:00:00
WO-000216,VEH-00102,CLI-0008,MNT-VEN-008,2026-01-20,2026-01-20,Battery,44094,1673.93,1700.15,Declined,2026-01-20T00:00:00,2026-01-21T00:00:00
WO-000217,VEH-00129,CLI-0017,MNT-VEN-012,2025-07-21,2025-07-23,Windscreen,108100,2428.66,2573.53,Queried,2025-07-21T00:00:00,2025-07-27T00:00:00
WO-000218,VEH-00003,CLI-0013,MNT-VEN-001,2025-12-12,2025-12-21,Scheduled Service,37692,700.6,695.22,Approved,2025-12-12T00:00:00,2025-12-15T00:00:00
WO-000219,VEH-00141,CLI-0011,MNT-VEN-009,2025-05-02,2025-05-11,Brakes,131964,856.63,819.6,Queried,2025-05-02T00:00:00,2025-05-06T00:00:00
WO-000220,VEH-00108,CLI-0009,MNT-VEN-023,2026-01-21,2026-01-27,Brakes,34146,1130.34,1080.58,Approved,2026-01-21T00:00:00,2026-01-31T00:00:00
WO-000221,VEH-00059,CLI-0007,MNT-VEN-004,2026-01-05,2026-01-08,Battery,61373,858.06,936.37,Approved,2026-01-05T00:00:00,2026-01-08T00:00:00
WO-000222,VEH-00039,CLI-0018,MNT-VEN-016,2026-02-17,2026-02-23,Windscreen,74101,165.91,185.68,Declined,2026-02-17T00:00:00,2026-02-26T00:00:00
WO-000223,VEH-00081,CLI-0005,MNT-VEN-016,2025-06-03,2025-06-12,Scheduled Service,125477,807.59,758.97,Approved,2025-06-03T00:00:00,2025-06-04T00:00:00
WO-000224,VEH-00056,CLI-0014,MNT-VEN-009,2025-09-01,2025-09-02,Windscreen,125452,2371.66,2305.15,Approved,2025-09-01T00:00:00,2025-09-10T00:00:00
WO-000225,VEH-00143,CLI-0004,MNT-VEN-009,2025-06-26,2025-06-27,Brakes,32579,192.76,199.58,Declined,2025-06-26T00:00:00,2025-06-29T00:00:00
WO-000226,VEH-00073,CLI-0013,MNT-VEN-012,2025-06-16,2025-06-23,Mechanical Repair,42033,1930.69,2119.76,Queried,2025-06-16T00:00:00,2025-06-26T00:00:00
WO-000227,VEH-00074,CLI-0018,MNT-VEN-015,2025-11-20,2025-11-22,Mechanical Repair,123933,2684.54,2696.25,Declined,2025-11-20T00:00:00,2025-11-30T00:00:00
WO-000228,VEH-00104,CLI-0017,MNT-VEN-003,2025-02-10,2025-02-13,Brakes,119128,570.92,599.81,Approved,2025-02-10T00:00:00,2025-02-20T00:00:00
WO-000229,VEH-00102,CLI-0008,MNT-VEN-009,2026-03-31,2026-04-05,Mechanical Repair,47298,1323.43,1473.12,Queried,2026-03-31T00:00:00,2026-04-03T00:00:00
WO-000230,VEH-00048,CLI-0001,MNT-VEN-001,2025-03-06,2025-03-16,Brakes,147464,2075.87,1997.23,Queried,2025-03-06T00:00:00,2025-03-08T00:00:00
WO-000231,VEH-00025,CLI-0005,MNT-VEN-003,2026-04-25,2026-05-03,Scheduled Service,24809,2477.32,2661.1,Declined,2026-04-25T00:00:00,2026-04-27T00:00:00
WO-000232,VEH-00027,CLI-0004,MNT-VEN-009,2025-11-13,2025-11-23,Windscreen,98797,553.03,534.16,Approved,2025-11-13T00:00:00,2025-11-21T00:00:00
WO-000233,VEH-00033,CLI-0006,MNT-VEN-005,2025-09-27,2025-09-27,Scheduled Service,88350,2370.46,2588.71,Approved,2025-09-27T00:00:00,2025-10-05T00:00:00
WO-000234,VEH-00120,CLI-0003,MNT-VEN-018,2026-04-24,2026-05-01,Tyres,90565,864.62,826.07,Declined,2026-04-24T00:00:00,2026-05-02T00:00:00
WO-000235,VEH-00145,CLI-0014,MNT-VEN-014,2025-09-26,2025-10-04,Brakes,110731,1841.83,1871.91,Approved,2025-09-26T00:00:00,2025-09-28T00:00:00
WO-000236,VEH-00114,CLI-0001,MNT-VEN-010,2025-07-07,2025-07-09,Brakes,38608,1236.46,1137.57,Approved,2025-07-07T00:00:00,2025-07-13T00:00:00
WO-000237,VEH-00074,CLI-0018,MNT-VEN-016,2025-10-01,2025-10-08,Windscreen,122695,162.12,149.45,Queried,2025-10-01T00:00:00,2025-10-06T00:00:00
WO-000238,VEH-00060,CLI-0017,MNT-VEN-001,2025-10-08,2025-10-14,Battery,105925,1133.89,1132.7,Approved,2025-10-08T00:00:00,2025-10-20T00:00:00
WO-000239,VEH-00100,CLI-0007,MNT-VEN-013,2025-04-23,2025-04-29,Mechanical Repair,90978,839.53,859.11,Declined,2025-04-23T00:00:00,2025-05-05T00:00:00
WO-000240,VEH-00070,CLI-0014,MNT-VEN-010,2025-11-29,2025-12-03,Windscreen,73810,2116.19,2308.12,Approved,2025-11-29T00:00:00,2025-12-02T00:00:00
WO-000241,VEH-00075,CLI-0018,MNT-VEN-004,2025-11-23,2025-11-30,Brakes,75851,1351.21,1293.86,Approved,2025-11-23T00:00:00,2025-11-26T00:00:00
WO-000242,VEH-00013,CLI-0015,MNT-VEN-018,2025-01-12,2025-01-13,Brakes,121984,634.59,599.7,Queried,2025-01-12T00:00:00,2025-01-24T00:00:00
WO-000243,VEH-00003,CLI-0013,MNT-VEN-008,2025-02-16,2025-02-23,Tyres,38232,540.82,543.01,Queried,2025-02-16T00:00:00,2025-02-22T00:00:00
WO-000244,VEH-00119,CLI-0008,MNT-VEN-023,2026-02-10,2026-02-11,Tyres,113188,224.42,218.43,Queried,2026-02-10T00:00:00,2026-02-12T00:00:00
WO-000245,VEH-00140,CLI-0013,MNT-VEN-016,2025-04-03,2025-04-07,Windscreen,4802,651.23,615.02,Approved,2025-04-03T00:00:00,2025-04-10T00:00:00
WO-000246,VEH-00114,CLI-0001,MNT-VEN-008,2026-01-13,2026-01-16,Windscreen,41341,2785.46,2852.95,Approved,2026-01-13T00:00:00,2026-01-21T00:00:00
WO-000247,VEH-00100,CLI-0007,MNT-VEN-022,2026-05-08,2026-05-13,Tyres,84511,970.21,1037.1,Declined,2026-05-08T00:00:00,2026-05-17T00:00:00
WO-000248,VEH-00032,CLI-0010,MNT-VEN-009,2025-09-04,2025-09-07,Brakes,48995,1838.46,2008.95,Approved,2025-09-04T00:00:00,2025-09-06T00:00:00
WO-000249,VEH-00061,CLI-0018,MNT-VEN-021,2025-08-11,2025-08-13,Brakes,129600,1003.21,1002.36,Approved,2025-08-11T00:00:00,2025-08-12T00:00:00
WO-000250,VEH-00011,CLI-0016,MNT-VEN-019,2026-02-06,2026-02-15,Tyres,102045,1977.4,2124.04,Approved,2026-02-06T00:00:00,2026-02-09T00:00:00
WO-000251,VEH-00128,CLI-0005,MNT-VEN-003,2025-12-18,2025-12-28,Scheduled Service,9218,1785.6,1769.71,Approved,2025-12-18T00:00:00,2025-12-30T00:00:00
WO-000252,VEH-00138,CLI-0016,MNT-VEN-004,2025-03-06,2025-03-11,Battery,83107,1437.66,1554.26,Queried,2025-03-06T00:00:00,2025-03-18T00:00:00
WO-000253,VEH-00050,CLI-0001,MNT-VEN-001,2025-12-19,2025-12-21,Brakes,153507,1144.87,1164.4,Queried,2025-12-19T00:00:00,2025-12-28T00:00:00
WO-000254,VEH-00076,CLI-0001,MNT-VEN-018,2025-12-23,2026-01-01,Tyres,55175,1443.64,1428.53,Queried,2025-12-23T00:00:00,2025-12-28T00:00:00
WO-000255,VEH-00142,CLI-0003,MNT-VEN-006,2025-02-05,2025-02-12,Brakes,34775,1552.83,1596.8,Queried,2025-02-05T00:00:00,2025-02-06T00:00:00
WO-000256,VEH-00130,CLI-0011,MNT-VEN-013,2026-01-11,2026-01-11,Battery,74989,633.52,681.16,Approved,2026-01-11T00:00:00,2026-01-17T00:00:00
WO-000257,VEH-00017,CLI-0017,MNT-VEN-022,2026-05-11,2026-05-17,Tyres,75829,1573.62,1662.76,Declined,2026-05-11T00:00:00,2026-05-14T00:00:00
WO-000258,VEH-00073,CLI-0013,MNT-VEN-011,2025-07-29,2025-07-30,Scheduled Service,44532,1844.8,1940.33,Approved,2025-07-29T00:00:00,2025-08-01T00:00:00
WO-000259,VEH-00046,CLI-0013,MNT-VEN-002,2025-04-14,2025-04-17,Scheduled Service,70985,424.77,439.29,Queried,2025-04-14T00:00:00,2025-04-25T00:00:00
WO-000260,VEH-00126,CLI-0017,MNT-VEN-017,2025-11-16,2025-11-20,Scheduled Service,84259,2005.5,1933.59,Approved,2025-11-16T00:00:00,2025-11-17T00:00:00
WO-000261,VEH-00054,CLI-0015,MNT-VEN-021,2025-09-09,2025-09-10,Windscreen,46657,2609.55,2589.16,Queried,2025-09-09T00:00:00,2025-09-15T00:00:00
WO-000262,VEH-00015,CLI-0013,MNT-VEN-020,2025-05-17,2025-05-18,Brakes,40132,1547.2,1715.72,Declined,2025-05-17T00:00:00,2025-05-19T00:00:00
WO-000263,VEH-00026,CLI-0005,MNT-VEN-008,2025-09-30,2025-10-03,Battery,113079,1164.98,1204.6,Approved,2025-09-30T00:00:00,2025-10-09T00:00:00
WO-000264,VEH-00143,CLI-0004,MNT-VEN-014,2026-01-18,2026-01-28,Battery,37789,420.67,443.76,Queried,2026-01-18T00:00:00,2026-01-20T00:00:00
WO-000265,VEH-00043,CLI-0013,MNT-VEN-006,2025-10-09,2025-10-14,Mechanical Repair,73731,1208.14,1240.5,Declined,2025-10-09T00:00:00,2025-10-17T00:00:00
WO-000266,VEH-00091,CLI-0015,MNT-VEN-011,2025-10-09,2025-10-14,Brakes,96158,2777.29,2979.58,Queried,2025-10-09T00:00:00,2025-10-21T00:00:00
WO-000267,VEH-00083,CLI-0016,MNT-VEN-020,2025-05-04,2025-05-07,Windscreen,64959,1637.96,1624.86,Queried,2025-05-04T00:00:00,2025-05-12T00:00:00
WO-000268,VEH-00102,CLI-0008,MNT-VEN-001,2026-01-07,2026-01-11,Battery,30762,232.2,237.67,Approved,2026-01-07T00:00:00,2026-01-08T00:00:00
WO-000269,VEH-00077,CLI-0009,MNT-VEN-008,2025-04-20,2025-04-20,Mechanical Repair,106596,2416.22,2667.07,Declined,2025-04-20T00:00:00,2025-04-29T00:00:00
WO-000270,VEH-00147,CLI-0011,MNT-VEN-019,2025-03-21,2025-03-28,Brakes,123913,390.8,370.36,Approved,2025-03-21T00:00:00,2025-03-31T00:00:00
WO-000271,VEH-00064,CLI-0014,MNT-VEN-008,2025-05-12,2025-05-13,Battery,88049,2297.46,2375.14,Approved,2025-05-12T00:00:00,2025-05-24T00:00:00
WO-000272,VEH-00020,CLI-0018,MNT-VEN-011,2026-02-10,2026-02-17,Mechanical Repair,96993,1423.54,1479.12,Approved,2026-02-10T00:00:00,2026-02-11T00:00:00
WO-000273,VEH-00148,CLI-0005,MNT-VEN-013,2025-02-10,2025-02-15,Brakes,22216,2215.12,2222.44,Approved,2025-02-10T00:00:00,2025-02-14T00:00:00
WO-000274,VEH-00003,CLI-0013,MNT-VEN-021,2026-02-03,2026-02-03,Brakes,44211,1821.64,1690.91,Declined,2026-02-03T00:00:00,2026-02-13T00:00:00
WO-000275,VEH-00039,CLI-0018,MNT-VEN-011,2025-09-15,2025-09-17,Scheduled Service,82568,1996.06,2224.03,Declined,2025-09-15T00:00:00,2025-09-25T00:00:00
WO-000276,VEH-00130,CLI-0011,MNT-VEN-003,2025-04-24,2025-04-30,Tyres,67390,1288.95,1272.49,Queried,2025-04-24T00:00:00,2025-05-04T00:00:00
WO-000277,VEH-00013,CLI-0015,MNT-VEN-018,2025-07-24,2025-07-30,Battery,127401,838.4,901.09,Approved,2025-07-24T00:00:00,2025-07-27T00:00:00
WO-000278,VEH-00124,CLI-0007,MNT-VEN-018,2025-04-12,2025-04-22,Battery,125047,1437.71,1484.05,Declined,2025-04-12T00:00:00,2025-04-16T00:00:00
WO-000279,VEH-00063,CLI-0016,MNT-VEN-003,2025-05-17,2025-05-22,Mechanical Repair,22264,2206.21,2079.37,Queried,2025-05-17T00:00:00,2025-05-24T00:00:00
WO-000280,VEH-00094,CLI-0013,MNT-VEN-012,2025-04-08,2025-04-17,Mechanical Repair,151031,993.16,1066.59,Approved,2025-04-08T00:00:00,2025-04-14T00:00:00
WO-000281,VEH-00114,CLI-0001,MNT-VEN-020,2025-03-16,2025-03-19,Tyres,50512,1311.63,1247.62,Approved,2025-03-16T00:00:00,2025-03-18T00:00:00
WO-000282,VEH-00014,CLI-0018,MNT-VEN-008,2026-05-01,2026-05-03,Brakes,53482,1791.87,1771.54,Approved,2026-05-01T00:00:00,2026-05-06T00:00:00
WO-000283,VEH-00116,CLI-0014,MNT-VEN-016,2025-01-12,2025-01-20,Tyres,94162,1022.79,1052.74,Approved,2025-01-12T00:00:00,2025-01-21T00:00:00
WO-000284,VEH-00124,CLI-0007,MNT-VEN-020,2026-01-09,2026-01-19,Scheduled Service,130962,2779.52,2881.26,Declined,2026-01-09T00:00:00,2026-01-10T00:00:00
WO-000285,VEH-00066,CLI-0018,MNT-VEN-006,2025-01-31,2025-02-09,Brakes,75090,895.48,907.11,Approved,2025-01-31T00:00:00,2025-02-02T00:00:00
WO-000286,VEH-00100,CLI-0007,MNT-VEN-022,2025-05-19,2025-05-29,Brakes,86664,1903.53,1758.51,Queried,2025-05-19T00:00:00,2025-05-23T00:00:00
WO-000287,VEH-00098,CLI-0012,MNT-VEN-017,2026-05-16,2026-05-21,Windscreen,157146,2027.77,1901.25,Approved,2026-05-16T00:00:00,2026-05-25T00:00:00
WO-000288,VEH-00118,CLI-0005,MNT-VEN-018,2026-04-20,2026-04-20,Tyres,60404,2035.17,1996.47,Queried,2026-04-20T00:00:00,2026-04-27T00:00:00
WO-000289,VEH-00041,CLI-0005,MNT-VEN-001,2025-06-27,2025-07-02,Mechanical Repair,113755,1960.27,1896.05,Declined,2025-06-27T00:00:00,2025-07-02T00:00:00
WO-000290,VEH-00016,CLI-0002,MNT-VEN-021,2025-05-12,2025-05-12,Battery,19325,2477.28,2390.87,Approved,2025-05-12T00:00:00,2025-05-19T00:00:00
WO-000291,VEH-00036,CLI-0003,MNT-VEN-003,2026-01-09,2026-01-19,Battery,109218,1156.67,1160.68,Declined,2026-01-09T00:00:00,2026-01-12T00:00:00
WO-000292,VEH-00110,CLI-0014,MNT-VEN-010,2026-04-11,2026-04-18,Battery,41878,1750.28,1682.64,Approved,2026-04-11T00:00:00,2026-04-21T00:00:00
WO-000293,VEH-00139,CLI-0015,MNT-VEN-022,2026-02-14,2026-02-16,Brakes,105805,678.15,747.26,Queried,2026-02-14T00:00:00,2026-02-17T00:00:00
WO-000294,VEH-00145,CLI-0014,MNT-VEN-006,2025-06-12,2025-06-20,Mechanical Repair,103234,320.39,306.55,Approved,2025-06-12T00:00:00,2025-06-24T00:00:00
WO-000295,VEH-00008,CLI-0018,MNT-VEN-011,2026-03-27,2026-04-02,Brakes,147195,2727.9,2916.46,Approved,2026-03-27T00:00:00,2026-03-30T00:00:00
WO-000296,VEH-00049,CLI-0009,MNT-VEN-004,2025-03-09,2025-03-18,Battery,48674,631.43,657.39,Declined,2025-03-09T00:00:00,2025-03-13T00:00:00
WO-000297,VEH-00060,CLI-0017,MNT-VEN-008,2025-12-18,2025-12-19,Mechanical Repair,107219,209.38,198.25,Declined,2025-12-18T00:00:00,2025-12-26T00:00:00
WO-000298,VEH-00096,CLI-0005,MNT-VEN-006,2026-03-13,2026-03-20,Tyres,143280,1170.64,1122.24,Approved,2026-03-13T00:00:00,2026-03-20T00:00:00
WO-000299,VEH-00004,CLI-0011,MNT-VEN-009,2026-05-02,2026-05-12,Tyres,134928,1238.7,1155.99,Queried,2026-05-02T00:00:00,2026-05-12T00:00:00
WO-000300,VEH-00126,CLI-0017,MNT-VEN-023,2025-06-16,2025-06-19,Windscreen,85521,2445.62,2629.64,Declined,2025-06-16T00:00:00,2025-06-28T00:00:00
WO-000301,VEH-00098,CLI-0012,MNT-VEN-011,2025-07-21,2025-07-30,Battery,157296,1766.6,1810.85,Approved,2025-07-21T00:00:00,2025-07-30T00:00:00
WO-000302,VEH-00028,CLI-0001,MNT-VEN-015,2025-08-22,2025-08-22,Tyres,106046,2339.85,2404.37,Approved,2025-08-22T00:00:00,2025-08-31T00:00:00
WO-000303,VEH-00100,CLI-0007,MNT-VEN-017,2026-01-27,2026-01-27,Tyres,92670,1817.53,1831.9,Approved,2026-01-27T00:00:00,2026-02-01T00:00:00
WO-000304,VEH-00119,CLI-0008,MNT-VEN-006,2025-08-05,2025-08-05,Mechanical Repair,128292,923.16,1016.15,Queried,2025-08-05T00:00:00,2025-08-16T00:00:00
WO-000305,VEH-00116,CLI-0014,MNT-VEN-003,2026-01-05,2026-01-07,Battery,105388,1471.75,1393.84,Queried,2026-01-05T00:00:00,2026-01-11T00:00:00
WO-000306,VEH-00116,CLI-0014,MNT-VEN-001,2025-04-02,2025-04-05,Windscreen,90439,1346.79,1306.41,Approved,2025-04-02T00:00:00,2025-04-14T00:00:00
WO-000307,VEH-00032,CLI-0010,MNT-VEN-003,2025-02-28,2025-03-10,Brakes,50084,2018.56,2068.55,Queried,2025-02-28T00:00:00,2025-03-12T00:00:00
WO-000308,VEH-00131,CLI-0003,MNT-VEN-020,2026-05-02,2026-05-10,Windscreen,32241,565.33,606.97,Approved,2026-05-02T00:00:00,2026-05-12T00:00:00
WO-000309,VEH-00039,CLI-0018,MNT-VEN-006,2026-03-21,2026-03-21,Windscreen,79789,524.66,515.16,Queried,2026-03-21T00:00:00,2026-03-26T00:00:00
WO-000310,VEH-00047,CLI-0003,MNT-VEN-004,2026-04-06,2026-04-09,Scheduled Service,15846,489.98,451.98,Queried,2026-04-06T00:00:00,2026-04-14T00:00:00
WO-000311,VEH-00140,CLI-0013,MNT-VEN-001,2025-11-08,2025-11-11,Tyres,19977,2487.99,2514.73,Queried,2025-11-08T00:00:00,2025-11-10T00:00:00
WO-000312,VEH-00002,CLI-0005,MNT-VEN-008,2026-03-28,2026-04-06,Mechanical Repair,114469,1595.93,1483.87,Approved,2026-03-28T00:00:00,2026-03-29T00:00:00
WO-000313,VEH-00090,CLI-0008,MNT-VEN-002,2025-03-16,2025-03-26,Battery,42634,2411.19,2377.97,Approved,2025-03-16T00:00:00,2025-03-17T00:00:00
WO-000314,VEH-00028,CLI-0001,MNT-VEN-014,2025-04-02,2025-04-06,Battery,94863,569.15,633.61,Declined,2025-04-02T00:00:00,2025-04-08T00:00:00
WO-000315,VEH-00010,CLI-0003,MNT-VEN-003,2026-01-29,2026-02-03,Windscreen,55377,936.12,1003.23,Declined,2026-01-29T00:00:00,2026-01-31T00:00:00
WO-000316,VEH-00075,CLI-0018,MNT-VEN-016,2025-03-10,2025-03-14,Brakes,77000,464.58,465.86,Approved,2025-03-10T00:00:00,2025-03-22T00:00:00
WO-000317,VEH-00054,CLI-0015,MNT-VEN-020,2025-01-30,2025-02-09,Battery,47540,430.74,437.95,Declined,2025-01-30T00:00:00,2025-02-11T00:00:00
WO-000318,VEH-00074,CLI-0018,MNT-VEN-014,2025-11-08,2025-11-12,Battery,124473,2395.14,2647.64,Declined,2025-11-08T00:00:00,2025-11-18T00:00:00
WO-000319,VEH-00128,CLI-0005,MNT-VEN-017,2026-01-09,2026-01-16,Tyres,14885,1820.74,1933.11,Approved,2026-01-09T00:00:00,2026-01-10T00:00:00
WO-000320,VEH-00031,CLI-0017,MNT-VEN-001,2025-08-27,2025-08-28,Mechanical Repair,86084,1803.73,1947.87,Queried,2025-08-27T00:00:00,2025-09-03T00:00:00
