invoice_id,invoice_number,client_id,invoice_date,invoice_due_date,billing_period,billing_contact_email_domain,purchase_order_number,lease_charges_amount,maintenance_rebill_amount,fuel_rebill_amount,management_fees_amount,invoice_status,payment_terms_days,payment_method,effective_at,updated_at
INV-0000001,EFSA-202601-000001,CLI-0009,2026-01-18,2026-02-17,2026-01,professional-services-client-09.example.com,PO-SYN-000001,92543.23,12253.49,5104.42,1553.18,Paid,30,Direct Debit,2026-05-24T14:59:00,2026-05-25T08:01:00
INV-0000002,EFSA-202511-000002,CLI-0005,2025-11-13,2025-12-13,2025-11,healthcare-client-05.example.com,PO-SYN-000002,11301.53,2071.95,1755.46,532.25,Disputed,30,EFT,2026-05-24T14:58:00,2026-05-25T08:02:00
INV-0000003,EFSA-202501-000003,CLI-0013,2025-01-28,2025-02-27,2025-01,utilities-client-13.example.com,PO-SYN-000003,53542.42,3016.07,4536.18,859.17,Disputed,30,EFT,2026-05-24T14:57:00,2026-05-25T08:03:00
INV-0000004,EFSA-202512-000004,CLI-0015,2025-12-18,2026-01-17,2025-12,healthcare-client-15.example.com,PO-SYN-000004,22786.3,2474.13,3006.04,475.4,Issued,30,EFT,2026-05-24T14:56:00,2026-05-25T08:04:00
INV-0000005,EFSA-202504-000005,CLI-0011,2025-04-04,2025-05-04,2025-04,government-client-11.example.com,PO-SYN-000005,18874.04,2554.22,2007.61,768.94,Disputed,30,EFT,2026-05-24T14:55:00,2026-05-25T08:05:00
INV-0000006,EFSA-202602-000006,CLI-0014,2026-02-14,2026-03-16,2026-02,professional-services-client-14.example.com,PO-SYN-000006,33079.83,6310.76,754.61,832.29,Issued,30,EFT,2026-05-24T14:54:00,2026-05-25T08:06:00
INV-0000007,EFSA-202506-000007,CLI-0006,2025-06-16,2025-07-16,2025-06,utilities-client-06.example.com,PO-SYN-000007,63105.41,10128.04,3254.26,2453.55,Issued,30,EFT,2026-05-24T14:53:00,2026-05-25T08:07:00
INV-0000008,EFSA-202604-000008,CLI-0018,2026-04-27,2026-05-27,2026-04,professional-services-client-18.example.com,PO-SYN-000008,31341.65,3246.21,2919.4,1323.57,Disputed,30,EFT,2026-05-24T14:52:00,2026-05-25T08:08:00
INV-0000009,EFSA-202505-000009,CLI-0013,2025-05-29,2025-06-28,2025-05,utilities-client-13.example.com,PO-SYN-000009,25736.45,615.41,1712.66,1371.02,Issued,30,BPAY,2026-05-25T14:59:00,2026-05-26T08:01:00
INV-0000010,EFSA-202604-000010,CLI-0006,2026-04-03,2026-05-03,2026-04,utilities-client-06.example.com,PO-SYN-000010,44108.06,8158.84,6894.28,1408.8,Paid,30,EFT,2026-05-25T14:58:00,2026-05-26T08:02:00
INV-0000011,EFSA-202503-000011,CLI-0003,2025-03-24,2025-04-23,2025-03,healthcare-client-03.example.com,PO-SYN-000011,8100.25,561.33,1321.82,270.76,Issued,30,BPAY,2026-05-25T14:57:00,2026-05-26T08:03:00
INV-0000012,EFSA-202509-000012,CLI-0007,2025-09-09,2025-10-09,2025-09,utilities-client-07.example.com,PO-SYN-000012,68128.52,12501.59,2282.77,3921.6,Issued,30,EFT,2026-05-25T14:56:00,2026-05-26T08:04:00
INV-0000013,EFSA-202501-000013,CLI-0005,2025-01-15,2025-02-14,2025-01,healthcare-client-05.example.com,PO-SYN-000013,77733.51,13257.43,2079.73,3860.38,Disputed,30,Direct Debit,2026-05-25T14:55:00,2026-05-26T08:05:00
INV-0000014,EFSA-202501-000014,CLI-0006,2025-01-20,2025-02-19,2025-01,utilities-client-06.example.com,PO-SYN-000014,84270.18,6156.97,8782.28,3398.53,Disputed,30,BPAY,2026-05-25T14:54:00,2026-05-26T08:06:00
INV-0000015,EFSA-202512-000015,CLI-0007,2025-12-21,2026-01-20,2025-12,utilities-client-07.example.com,PO-SYN-000015,71078.26,11442.93,5208.1,2538.68,Paid,30,EFT,2026-05-25T14:53:00,2026-05-26T08:07:00
INV-0000016,EFSA-202604-000016,CLI-0013,2026-04-19,2026-05-19,2026-04,utilities-client-13.example.com,PO-SYN-000016,8601.05,1613.31,1183.53,515.01,Paid,30,EFT,2026-05-25T14:52:00,2026-05-26T08:08:00
INV-0000017,EFSA-202605-000017,CLI-0009,2026-05-16,2026-06-15,2026-05,professional-services-client-09.example.com,PO-SYN-000017,30793.52,6297.55,3686.58,1562.27,Issued,30,Card,2026-05-26T14:59:00,2026-05-27T08:01:00
INV-0000018,EFSA-202502-000018,CLI-0015,2025-02-04,2025-03-06,2025-02,healthcare-client-15.example.com,PO-SYN-000018,34913.65,6785.99,6011.99,1871.38,Issued,30,Direct Debit,2026-05-26T14:58:00,2026-05-27T08:02:00
INV-0000019,EFSA-202511-000019,CLI-0005,2025-11-26,2025-12-26,2025-11,healthcare-client-05.example.com,PO-SYN-000019,56101.34,9865.09,7520.97,2207.25,Part Paid,30,Direct Debit,2026-05-26T14:57:00,2026-05-27T08:03:00
INV-0000020,EFSA-202504-000020,CLI-0010,2025-04-12,2025-05-12,2025-04,government-client-10.example.com,PO-SYN-000020,46973.12,7081.24,6338.4,922.67,Issued,30,EFT,2026-05-26T14:56:00,2026-05-27T08:04:00
INV-0000021,EFSA-202508-000021,CLI-0014,2025-08-29,2025-09-28,2025-08,professional-services-client-14.example.com,PO-SYN-000021,10603.6,1668.53,1007.1,428.76,Paid,30,EFT,2026-05-26T14:55:00,2026-05-27T08:05:00
INV-0000022,EFSA-202511-000022,CLI-0002,2025-11-21,2025-12-21,2025-11,utilities-client-02.example.com,PO-SYN-000022,16885.72,850.32,763.77,268.55,Disputed,30,BPAY,2026-05-26T14:54:00,2026-05-27T08:06:00
INV-0000023,EFSA-202501-000023,CLI-0005,2025-01-28,2025-02-27,2025-01,healthcare-client-05.example.com,PO-SYN-000023,13595.26,2369.32,1692.4,214.76,Disputed,30,BPAY,2026-05-26T14:53:00,2026-05-27T08:07:00
INV-0000024,EFSA-202604-000024,CLI-0005,2026-04-13,2026-05-13,2026-04,healthcare-client-05.example.com,PO-SYN-000024,19625.04,867.26,2603.93,634.37,Part Paid,30,BPAY,2026-05-26T14:52:00,2026-05-27T08:08:00
INV-0000025,EFSA-202604-000025,CLI-0007,2026-04-19,2026-05-19,2026-04,utilities-client-07.example.com,PO-SYN-000025,60313.61,10008.21,982.74,2327.76,Part Paid,30,BPAY,2026-04-19T00:00:00,2026-05-11T00:00:00
INV-0000026,EFSA-202510-000026,CLI-0007,2025-10-02,2025-11-01,2025-10,utilities-client-07.example.com,PO-SYN-000026,4233.63,236.1,510.6,183.14,Paid,30,Direct Debit,2025-10-02T00:00:00,2025-10-12T00:00:00
INV-0000027,EFSA-202504-000027,CLI-0010,2025-04-01,2025-05-01,2025-04,government-client-10.example.com,PO-SYN-000027,12242.2,941.3,1766.21,540.52,Disputed,30,EFT,2025-04-01T00:00:00,2025-04-23T00:00:00
INV-0000028,EFSA-202510-000028,CLI-0001,2025-10-23,2025-11-22,2025-10,professional-services-client-01.example.com,PO-SYN-000028,64172.96,13886.82,2279.54,1561.69,Issued,30,Direct Debit,2025-10-23T00:00:00,2025-11-05T00:00:00
INV-0000029,EFSA-202605-000029,CLI-0012,2026-05-11,2026-06-10,2026-05,government-client-12.example.com,PO-SYN-000029,35197.73,3382.47,5084.87,1778.3,Issued,30,EFT,2026-05-11T00:00:00,2026-06-03T00:00:00
INV-0000030,EFSA-202602-000030,CLI-0005,2026-02-03,2026-03-05,2026-02,healthcare-client-05.example.com,PO-SYN-000030,66899.57,7981.9,863.34,994.02,Part Paid,30,Direct Debit,2026-02-03T00:00:00,2026-02-13T00:00:00
INV-0000031,EFSA-202504-000031,CLI-0009,2025-04-08,2025-05-08,2025-04,professional-services-client-09.example.com,PO-SYN-000031,41995.32,3855.3,2751.9,1189.92,Paid,30,EFT,2025-04-08T00:00:00,2025-04-22T00:00:00
INV-0000032,EFSA-202505-000032,CLI-0001,2025-05-13,2025-06-12,2025-05,professional-services-client-01.example.com,PO-SYN-000032,89619.16,17710.58,12757.16,1011.11,Part Paid,30,Direct Debit,2025-05-13T00:00:00,2025-06-10T00:00:00
INV-0000033,EFSA-202507-000033,CLI-0004,2025-07-05,2025-08-04,2025-07,utilities-client-04.example.com,PO-SYN-000033,59511.11,6895.08,6235.56,1422.11,Issued,30,Direct Debit,2025-07-05T00:00:00,2025-08-03T00:00:00
INV-0000034,EFSA-202508-000034,CLI-0003,2025-08-09,2025-09-08,2025-08,healthcare-client-03.example.com,PO-SYN-000034,42210.3,5831.88,3380.96,696.44,Paid,30,Direct Debit,2025-08-09T00:00:00,2025-08-31T00:00:00
INV-0000035,EFSA-202505-000035,CLI-0011,2025-05-14,2025-06-13,2025-05,government-client-11.example.com,PO-SYN-000035,90668.13,4689.33,14448.86,3770.59,Issued,30,EFT,2025-05-14T00:00:00,2025-06-02T00:00:00
INV-0000036,EFSA-202505-000036,CLI-0002,2025-05-08,2025-06-07,2025-05,utilities-client-02.example.com,PO-SYN-000036,8395.6,196.22,602.31,463.9,Part Paid,30,BPAY,2025-05-08T00:00:00,2025-06-01T00:00:00
INV-0000037,EFSA-202604-000037,CLI-0014,2026-04-03,2026-05-03,2026-04,professional-services-client-14.example.com,PO-SYN-000037,75389.24,10899.87,5507.26,2978.34,Paid,30,Card,2026-04-03T00:00:00,2026-04-22T00:00:00
INV-0000038,EFSA-202603-000038,CLI-0014,2026-03-08,2026-04-07,2026-03,professional-services-client-14.example.com,PO-SYN-000038,18868.39,1306.06,1726.97,289.09,Paid,30,BPAY,2026-03-08T00:00:00,2026-04-05T00:00:00
INV-0000039,EFSA-202502-000039,CLI-0001,2025-02-26,2025-03-28,2025-02,professional-services-client-01.example.com,PO-SYN-000039,7059.37,225.05,212.82,347.18,Issued,30,Direct Debit,2025-02-26T00:00:00,2025-03-12T00:00:00
INV-0000040,EFSA-202602-000040,CLI-0001,2026-02-17,2026-03-19,2026-02,professional-services-client-01.example.com,PO-SYN-000040,86855.05,15504.15,9046.25,1304.46,Part Paid,30,Card,2026-02-17T00:00:00,2026-02-23T00:00:00
INV-0000041,EFSA-202503-000041,CLI-0016,2025-03-24,2025-04-23,2025-03,government-client-16.example.com,PO-SYN-000041,41990.09,1197.75,513.62,624.45,Paid,30,BPAY,2025-03-24T00:00:00,2025-03-31T00:00:00
INV-0000042,EFSA-202510-000042,CLI-0005,2025-10-31,2025-11-30,2025-10,healthcare-client-05.example.com,PO-SYN-000042,5804.35,951.67,1019.33,262.44,Part Paid,30,Direct Debit,2025-10-31T00:00:00,2025-11-13T00:00:00
INV-0000043,EFSA-202501-000043,CLI-0017,2025-01-22,2025-02-21,2025-01,construction-client-17.example.com,PO-SYN-000043,40589.99,1637.13,777.71,1852.16,Paid,30,Direct Debit,2025-01-22T00:00:00,2025-01-26T00:00:00
INV-0000044,EFSA-202507-000044,CLI-0010,2025-07-04,2025-08-03,2025-07,government-client-10.example.com,PO-SYN-000044,92237.17,19441.52,8637.61,1842.41,Part Paid,30,EFT,2025-07-04T00:00:00,2025-07-12T00:00:00
INV-0000045,EFSA-202501-000045,CLI-0007,2025-01-13,2025-02-12,2025-01,utilities-client-07.example.com,PO-SYN-000045,4603.52,492.67,319.11,243.85,Paid,30,BPAY,2025-01-13T00:00:00,2025-02-10T00:00:00
INV-0000046,EFSA-202511-000046,CLI-0014,2025-11-02,2025-12-02,2025-11,professional-services-client-14.example.com,PO-SYN-000046,26345.98,683.33,803.14,270.66,Issued,30,EFT,2025-11-02T00:00:00,2025-11-28T00:00:00
INV-0000047,EFSA-202602-000047,CLI-0006,2026-02-26,2026-03-28,2026-02,utilities-client-06.example.com,PO-SYN-000047,77507.68,16102.07,12923.22,4023.93,Part Paid,30,BPAY,2026-02-26T00:00:00,2026-03-08T00:00:00
INV-0000048,EFSA-202506-000048,CLI-0003,2025-06-30,2025-07-30,2025-06,healthcare-client-03.example.com,PO-SYN-000048,56833.54,7099.83,8594.24,2556.02,Part Paid,30,Direct Debit,2025-06-30T00:00:00,2025-07-03T00:00:00
INV-0000049,EFSA-202505-000049,CLI-0002,2025-05-17,2025-06-16,2025-05,utilities-client-02.example.com,PO-SYN-000049,40074.56,4212.35,2516.77,1062.64,Disputed,30,Direct Debit,2025-05-17T00:00:00,2025-05-22T00:00:00
INV-0000050,EFSA-202501-000050,CLI-0004,2025-01-26,2025-02-25,2025-01,utilities-client-04.example.com,PO-SYN-000050,44117.69,5167.54,3946.37,2457.2,Issued,30,Direct Debit,2025-01-26T00:00:00,2025-02-12T00:00:00
INV-0000051,EFSA-202510-000051,CLI-0008,2025-10-06,2025-11-05,2025-10,government-client-08.example.com,PO-SYN-000051,73681.09,9608.52,11014.81,2810.64,Paid,30,Direct Debit,2025-10-06T00:00:00,2025-10-27T00:00:00
INV-0000052,EFSA-202512-000052,CLI-0008,2025-12-08,2026-01-07,2025-12,government-client-08.example.com,PO-SYN-000052,94768.62,3142.13,13585.82,1148.11,Disputed,30,Direct Debit,2025-12-08T00:00:00,2025-12-28T00:00:00
INV-0000053,EFSA-202604-000053,CLI-0016,2026-04-21,2026-05-21,2026-04,government-client-16.example.com,PO-SYN-000053,86956.99,15362.27,8692.39,3012.3,Issued,30,Direct Debit,2026-04-21T00:00:00,2026-05-04T00:00:00
INV-0000054,EFSA-202510-000054,CLI-0015,2025-10-30,2025-11-29,2025-10,healthcare-client-15.example.com,PO-SYN-000054,43389.6,1911.55,3491.91,1742.06,Paid,30,Direct Debit,2025-10-30T00:00:00,2025-11-26T00:00:00
INV-0000055,EFSA-202605-000055,CLI-0013,2026-05-05,2026-06-04,2026-05,utilities-client-13.example.com,PO-SYN-000055,12161.06,769.27,714.24,151.47,Part Paid,30,Card,2026-05-05T00:00:00,2026-05-21T00:00:00
INV-0000056,EFSA-202603-000056,CLI-0008,2026-03-02,2026-04-01,2026-03,government-client-08.example.com,PO-SYN-000056,19025.98,1607.01,782.21,891.34,Disputed,30,Card,2026-03-02T00:00:00,2026-03-10T00:00:00
INV-0000057,EFSA-202602-000057,CLI-0015,2026-02-18,2026-03-20,2026-02,healthcare-client-15.example.com,PO-SYN-000057,4348.76,705.79,717.03,79.4,Part Paid,30,EFT,2026-02-18T00:00:00,2026-02-20T00:00:00
INV-0000058,EFSA-202508-000058,CLI-0007,2025-08-28,2025-09-27,2025-08,utilities-client-07.example.com,PO-SYN-000058,7690.23,862.45,1258.84,401.53,Issued,30,Direct Debit,2025-08-28T00:00:00,2025-09-24T00:00:00
INV-0000059,EFSA-202603-000059,CLI-0002,2026-03-07,2026-04-06,2026-03,utilities-client-02.example.com,PO-SYN-000059,17568.98,2689.31,257.61,881.3,Paid,30,Direct Debit,2026-03-07T00:00:00,2026-04-11T00:00:00
INV-0000060,EFSA-202505-000060,CLI-0003,2025-05-01,2025-05-31,2025-05,healthcare-client-03.example.com,PO-SYN-000060,36982.68,5930.67,4237.68,1318.35,Disputed,30,BPAY,2025-05-01T00:00:00,2025-05-11T00:00:00
INV-0000061,EFSA-202502-000061,CLI-0004,2025-02-12,2025-03-14,2025-02,utilities-client-04.example.com,PO-SYN-000061,92793.04,19718.88,12458.64,3421.75,Disputed,30,Card,2025-02-12T00:00:00,2025-03-17T00:00:00
INV-0000062,EFSA-202602-000062,CLI-0001,2026-02-22,2026-03-24,2026-02,professional-services-client-01.example.com,PO-SYN-000062,78472.07,2677.61,8076.74,2350.24,Paid,30,Card,2026-02-22T00:00:00,2026-03-29T00:00:00
INV-0000063,EFSA-202503-000063,CLI-0005,2025-03-24,2025-04-23,2025-03,healthcare-client-05.example.com,PO-SYN-000063,72720.61,8018.05,11608.4,2021.82,Disputed,30,EFT,2025-03-24T00:00:00,2025-04-22T00:00:00
INV-0000064,EFSA-202507-000064,CLI-0017,2025-07-11,2025-08-10,2025-07,construction-client-17.example.com,PO-SYN-000064,43265.44,965.11,1701.97,2188.95,Paid,30,Direct Debit,2025-07-11T00:00:00,2025-08-07T00:00:00
INV-0000065,EFSA-202506-000065,CLI-0016,2025-06-13,2025-07-13,2025-06,government-client-16.example.com,PO-SYN-000065,46541.32,1802.98,7132.03,2425.08,Part Paid,30,Direct Debit,2025-06-13T00:00:00,2025-07-03T00:00:00
INV-0000066,EFSA-202502-000066,CLI-0013,2025-02-16,2025-03-18,2025-02,utilities-client-13.example.com,PO-SYN-000066,73344.08,11265.41,12380.87,2607.01,Part Paid,30,Card,2025-02-16T00:00:00,2025-02-27T00:00:00
INV-0000067,EFSA-202510-000067,CLI-0014,2025-10-14,2025-11-13,2025-10,professional-services-client-14.example.com,PO-SYN-000067,86150.67,4315.06,11497.23,2550.51,Part Paid,30,Direct Debit,2025-10-14T00:00:00,2025-11-01T00:00:00
INV-0000068,EFSA-202510-000068,CLI-0002,2025-10-29,2025-11-28,2025-10,utilities-client-02.example.com,PO-SYN-000068,35626.99,5795.67,1922.82,1764.37,Disputed,30,BPAY,2025-10-29T00:00:00,2025-11-06T00:00:00
INV-0000069,EFSA-202508-000069,CLI-0012,2025-08-07,2025-09-06,2025-08,government-client-12.example.com,PO-SYN-000069,7049.95,1409.41,840.32,132.9,Paid,30,EFT,2025-08-07T00:00:00,2025-08-29T00:00:00
INV-0000070,EFSA-202507-000070,CLI-0013,2025-07-01,2025-07-31,2025-07,utilities-client-13.example.com,PO-SYN-000070,12844.82,2648.63,1397.2,680.13,Part Paid,30,EFT,2025-07-01T00:00:00,2025-07-20T00:00:00
INV-0000071,EFSA-202603-000071,CLI-0002,2026-03-30,2026-04-29,2026-03,utilities-client-02.example.com,PO-SYN-000071,58636.71,6117.36,6962.59,3034.7,Part Paid,30,BPAY,2026-03-30T00:00:00,2026-05-04T00:00:00
INV-0000072,EFSA-202601-000072,CLI-0008,2026-01-04,2026-02-03,2026-01,government-client-08.example.com,PO-SYN-000072,27364.49,3895.63,392.83,893.53,Paid,30,EFT,2026-01-04T00:00:00,2026-01-09T00:00:00
INV-0000073,EFSA-202501-000073,CLI-0015,2025-01-06,2025-02-05,2025-01,healthcare-client-15.example.com,PO-SYN-000073,17071.33,1495.51,1290.75,307.12,Paid,30,EFT,2025-01-06T00:00:00,2025-02-02T00:00:00
INV-0000074,EFSA-202510-000074,CLI-0009,2025-10-05,2025-11-04,2025-10,professional-services-client-09.example.com,PO-SYN-000074,53297.49,1069.61,9300.54,3091.67,Issued,30,Card,2025-10-05T00:00:00,2025-11-09T00:00:00
INV-0000075,EFSA-202509-000075,CLI-0013,2025-09-30,2025-10-30,2025-09,utilities-client-13.example.com,PO-SYN-000075,67095.28,4400.81,1139.61,2133.32,Paid,30,BPAY,2025-09-30T00:00:00,2025-10-31T00:00:00
INV-0000076,EFSA-202601-000076,CLI-0005,2026-01-21,2026-02-20,2026-01,healthcare-client-05.example.com,PO-SYN-000076,51503.26,7230.46,1111.72,571.83,Issued,30,Direct Debit,2026-01-21T00:00:00,2026-02-10T00:00:00
INV-0000077,EFSA-202504-000077,CLI-0003,2025-04-20,2025-05-20,2025-04,healthcare-client-03.example.com,PO-SYN-000077,94881.39,4040.93,15402.11,5665.47,Issued,30,Card,2025-04-20T00:00:00,2025-05-01T00:00:00
INV-0000078,EFSA-202601-000078,CLI-0007,2026-01-01,2026-01-31,2026-01,utilities-client-07.example.com,PO-SYN-000078,40478.91,2693.05,3674.22,1229.82,Issued,30,Card,2026-01-01T00:00:00,2026-01-13T00:00:00
INV-0000079,EFSA-202501-000079,CLI-0008,2025-01-23,2025-02-22,2025-01,government-client-08.example.com,PO-SYN-000079,87488.26,7370.32,8475.64,2627.31,Issued,30,EFT,2025-01-23T00:00:00,2025-02-16T00:00:00
INV-0000080,EFSA-202601-000080,CLI-0009,2026-01-20,2026-02-19,2026-01,professional-services-client-09.example.com,PO-SYN-000080,30792.11,1506.62,960.0,457.82,Paid,30,Direct Debit,2026-01-20T00:00:00,2026-02-02T00:00:00
INV-0000081,EFSA-202505-000081,CLI-0010,2025-05-21,2025-06-20,2025-05,government-client-10.example.com,PO-SYN-000081,5599.46,747.21,438.72,73.68,Part Paid,30,Direct Debit,2025-05-21T00:00:00,2025-06-24T00:00:00
INV-0000082,EFSA-202512-000082,CLI-0005,2025-12-25,2026-01-24,2025-12,healthcare-client-05.example.com,PO-SYN-000082,26799.65,3420.92,3698.66,1112.84,Disputed,30,Direct Debit,2025-12-25T00:00:00,2026-01-20T00:00:00
INV-0000083,EFSA-202603-000083,CLI-0015,2026-03-03,2026-04-02,2026-03,healthcare-client-15.example.com,PO-SYN-000083,53706.07,2114.92,1263.99,1264.43,Disputed,30,Direct Debit,2026-03-03T00:00:00,2026-03-18T00:00:00
INV-0000084,EFSA-202511-000084,CLI-0011,2025-11-15,2025-12-15,2025-11,government-client-11.example.com,PO-SYN-000084,19993.13,1977.4,1479.7,464.87,Part Paid,30,EFT,2025-11-15T00:00:00,2025-12-11T00:00:00
INV-0000085,EFSA-202508-000085,CLI-0018,2025-08-14,2025-09-13,2025-08,professional-services-client-18.example.com,PO-SYN-000085,31668.65,3842.82,3370.42,1407.18,Issued,30,Card,2025-08-14T00:00:00,2025-09-05T00:00:00
INV-0000086,EFSA-202506-000086,CLI-0009,2025-06-10,2025-07-10,2025-06,professional-services-client-09.example.com,PO-SYN-000086,76929.29,2297.12,2392.49,1287.67,Disputed,30,EFT,2025-06-10T00:00:00,2025-06-14T00:00:00
INV-0000087,EFSA-202507-000087,CLI-0016,2025-07-04,2025-08-03,2025-07,government-client-16.example.com,PO-SYN-000087,25668.48,5281.28,4136.63,313.78,Issued,30,Direct Debit,2025-07-04T00:00:00,2025-08-04T00:00:00
INV-0000088,EFSA-202508-000088,CLI-0003,2025-08-05,2025-09-04,2025-08,healthcare-client-03.example.com,PO-SYN-000088,65814.48,2130.64,9972.81,2427.95,Disputed,30,BPAY,2025-08-05T00:00:00,2025-08-19T00:00:00
INV-0000089,EFSA-202506-000089,CLI-0014,2025-06-10,2025-07-10,2025-06,professional-services-client-14.example.com,PO-SYN-000089,25866.86,5565.85,3106.48,388.01,Disputed,30,Card,2025-06-10T00:00:00,2025-07-01T00:00:00
INV-0000090,EFSA-202511-000090,CLI-0012,2025-11-03,2025-12-03,2025-11,government-client-12.example.com,PO-SYN-000090,8134.65,952.58,149.32,322.99,Disputed,30,Card,2025-11-03T00:00:00,2025-11-12T00:00:00
INV-0000091,EFSA-202509-000091,CLI-0010,2025-09-29,2025-10-29,2025-09,government-client-10.example.com,PO-SYN-000091,92357.28,6469.03,1660.85,5174.36,Part Paid,30,Card,2025-09-29T00:00:00,2025-10-27T00:00:00
INV-0000092,EFSA-202509-000092,CLI-0014,2025-09-12,2025-10-12,2025-09,professional-services-client-14.example.com,PO-SYN-000092,40762.35,3480.08,3427.57,737.45,Paid,30,Card,2025-09-12T00:00:00,2025-10-10T00:00:00
INV-0000093,EFSA-202509-000093,CLI-0012,2025-09-08,2025-10-08,2025-09,government-client-12.example.com,PO-SYN-000093,72576.5,6385.52,11736.99,2798.59,Paid,30,Card,2025-09-08T00:00:00,2025-09-23T00:00:00
INV-0000094,EFSA-202602-000094,CLI-0007,2026-02-05,2026-03-07,2026-02,utilities-client-07.example.com,PO-SYN-000094,49590.81,7028.12,4080.12,1097.24,Paid,30,Card,2026-02-05T00:00:00,2026-03-03T00:00:00
INV-0000095,EFSA-202602-000095,CLI-0013,2026-02-06,2026-03-08,2026-02,utilities-client-13.example.com,PO-SYN-000095,15034.16,2205.61,2119.4,403.3,Paid,30,Direct Debit,2026-02-06T00:00:00,2026-02-13T00:00:00
INV-0000096,EFSA-202511-000096,CLI-0013,2025-11-20,2025-12-20,2025-11,utilities-client-13.example.com,PO-SYN-000096,33728.19,4777.53,1649.76,427.84,Part Paid,30,EFT,2025-11-20T00:00:00,2025-12-02T00:00:00
INV-0000097,EFSA-202503-000097,CLI-0004,2025-03-31,2025-04-30,2025-03,utilities-client-04.example.com,PO-SYN-000097,16998.34,955.46,2372.05,554.08,Part Paid,30,BPAY,2025-03-31T00:00:00,2025-04-20T00:00:00
INV-0000098,EFSA-202503-000098,CLI-0013,2025-03-10,2025-04-09,2025-03,utilities-client-13.example.com,PO-SYN-000098,73270.42,10452.36,5592.32,1112.45,Issued,30,Card,2025-03-10T00:00:00,2025-03-17T00:00:00
INV-0000099,EFSA-202507-000099,CLI-0003,2025-07-10,2025-08-09,2025-07,healthcare-client-03.example.com,PO-SYN-000099,86786.14,16520.38,12896.29,1957.9,Disputed,30,BPAY,2025-07-10T00:00:00,2025-07-14T00:00:00
INV-0000100,EFSA-202601-000100,CLI-0001,2026-01-25,2026-02-24,2026-01,professional-services-client-01.example.com,PO-SYN-000100,86208.23,10980.35,2449.96,3400.1,Part Paid,30,BPAY,2026-01-25T00:00:00,2026-02-26T00:00:00
INV-0000101,EFSA-202503-000101,CLI-0018,2025-03-07,2025-04-06,2025-03,professional-services-client-18.example.com,PO-SYN-000101,21021.31,753.12,2275.19,1137.76,Paid,30,BPAY,2025-03-07T00:00:00,2025-03-08T00:00:00
INV-0000102,EFSA-202508-000102,CLI-0009,2025-08-17,2025-09-16,2025-08,professional-services-client-09.example.com,PO-SYN-000102,15411.72,2522.22,2230.54,811.23,Part Paid,30,Direct Debit,2025-08-17T00:00:00,2025-08-27T00:00:00
INV-0000103,EFSA-202604-000103,CLI-0004,2026-04-16,2026-05-16,2026-04,utilities-client-04.example.com,PO-SYN-000103,18145.4,1102.84,956.42,848.67,Part Paid,30,Card,2026-04-16T00:00:00,2026-05-01T00:00:00
INV-0000104,EFSA-202506-000104,CLI-0014,2025-06-27,2025-07-27,2025-06,professional-services-client-14.example.com,PO-SYN-000104,67071.96,11127.19,10549.6,2455.81,Part Paid,30,Card,2025-06-27T00:00:00,2025-07-08T00:00:00
INV-0000105,EFSA-202505-000105,CLI-0012,2025-05-16,2025-06-15,2025-05,government-client-12.example.com,PO-SYN-000105,90214.9,4958.72,2863.95,3932.24,Issued,30,Card,2025-05-16T00:00:00,2025-06-02T00:00:00
INV-0000106,EFSA-202602-000106,CLI-0012,2026-02-13,2026-03-15,2026-02,government-client-12.example.com,PO-SYN-000106,72222.77,15167.12,1301.12,3162.71,Part Paid,30,Card,2026-02-13T00:00:00,2026-03-05T00:00:00
INV-0000107,EFSA-202505-000107,CLI-0012,2025-05-27,2025-06-26,2025-05,government-client-12.example.com,PO-SYN-000107,63003.05,5525.86,2189.93,1250.01,Issued,30,Direct Debit,2025-05-27T00:00:00,2025-06-05T00:00:00
INV-0000108,EFSA-202503-000108,CLI-0007,2025-03-20,2025-04-19,2025-03,utilities-client-07.example.com,PO-SYN-000108,88988.24,19305.56,5208.41,3280.4,Part Paid,30,Direct Debit,2025-03-20T00:00:00,2025-04-18T00:00:00
INV-0000109,EFSA-202604-000109,CLI-0015,2026-04-07,2026-05-07,2026-04,healthcare-client-15.example.com,PO-SYN-000109,74166.94,12818.38,3804.2,1829.96,Issued,30,BPAY,2026-04-07T00:00:00,2026-04-18T00:00:00
INV-0000110,EFSA-202504-000110,CLI-0001,2025-04-09,2025-05-09,2025-04,professional-services-client-01.example.com,PO-SYN-000110,82820.1,10850.91,6171.44,1531.0,Issued,30,BPAY,2025-04-09T00:00:00,2025-05-02T00:00:00
INV-0000111,EFSA-202512-000111,CLI-0001,2025-12-02,2026-01-01,2025-12,professional-services-client-01.example.com,PO-SYN-000111,52946.98,9543.12,1134.98,2605.09,Issued,30,Direct Debit,2025-12-02T00:00:00,2025-12-19T00:00:00
INV-0000112,EFSA-202601-000112,CLI-0011,2026-01-01,2026-01-31,2026-01,government-client-11.example.com,PO-SYN-000112,61451.43,1637.07,6975.34,3050.53,Issued,30,Card,2026-01-01T00:00:00,2026-02-05T00:00:00
INV-0000113,EFSA-202603-000113,CLI-0017,2026-03-01,2026-03-31,2026-03,construction-client-17.example.com,PO-SYN-000113,16324.02,2364.14,799.95,855.19,Paid,30,Direct Debit,2026-03-01T00:00:00,2026-03-04T00:00:00
INV-0000114,EFSA-202509-000114,CLI-0004,2025-09-21,2025-10-21,2025-09,utilities-client-04.example.com,PO-SYN-000114,9359.37,1820.56,794.54,329.99,Disputed,30,Direct Debit,2025-09-21T00:00:00,2025-10-19T00:00:00
INV-0000115,EFSA-202503-000115,CLI-0012,2025-03-30,2025-04-29,2025-03,government-client-12.example.com,PO-SYN-000115,28654.58,2031.0,3550.43,801.56,Paid,30,BPAY,2025-03-30T00:00:00,2025-04-03T00:00:00
INV-0000116,EFSA-202504-000116,CLI-0018,2025-04-18,2025-05-18,2025-04,professional-services-client-18.example.com,PO-SYN-000116,78389.33,15348.76,9958.09,2646.08,Disputed,30,EFT,2025-04-18T00:00:00,2025-05-17T00:00:00
INV-0000117,EFSA-202502-000117,CLI-0018,2025-02-24,2025-03-26,2025-02,professional-services-client-18.example.com,PO-SYN-000117,4432.4,696.99,613.71,221.72,Paid,30,EFT,2025-02-24T00:00:00,2025-03-04T00:00:00
INV-0000118,EFSA-202510-000118,CLI-0005,2025-10-02,2025-11-01,2025-10,healthcare-client-05.example.com,PO-SYN-000118,44997.39,5420.74,5506.87,2416.66,Part Paid,30,BPAY,2025-10-02T00:00:00,2025-11-05T00:00:00
INV-0000119,EFSA-202602-000119,CLI-0017,2026-02-02,2026-03-04,2026-02,construction-client-17.example.com,PO-SYN-000119,17260.33,3406.24,2199.0,225.18,Paid,30,BPAY,2026-02-02T00:00:00,2026-02-11T00:00:00
INV-0000120,EFSA-202502-000120,CLI-0016,2025-02-23,2025-03-25,2025-02,government-client-16.example.com,PO-SYN-000120,28230.16,3102.01,942.33,814.22,Issued,30,Direct Debit,2025-02-23T00:00:00,2025-03-30T00:00:00
INV-0000121,EFSA-202512-000121,CLI-0013,2025-12-30,2026-01-29,2025-12,utilities-client-13.example.com,PO-SYN-000121,26242.26,1930.38,4297.82,1353.63,Issued,30,BPAY,2025-12-30T00:00:00,2026-01-10T00:00:00
INV-0000122,EFSA-202505-000122,CLI-0017,2025-05-01,2025-05-31,2025-05,construction-client-17.example.com,PO-SYN-000122,24920.58,4447.57,888.7,389.67,Disputed,30,BPAY,2025-05-01T00:00:00,2025-05-03T00:00:00
INV-0000123,EFSA-202604-000123,CLI-0013,2026-04-17,2026-05-17,2026-04,utilities-client-13.example.com,PO-SYN-000123,78155.85,16314.27,8309.44,4624.5,Disputed,30,Direct Debit,2026-04-17T00:00:00,2026-05-01T00:00:00
INV-0000124,EFSA-202503-000124,CLI-0006,2025-03-16,2025-04-15,2025-03,utilities-client-06.example.com,PO-SYN-000124,14143.65,2591.72,177.27,304.1,Issued,30,Direct Debit,2025-03-16T00:00:00,2025-03-21T00:00:00
INV-0000125,EFSA-202507-000125,CLI-0017,2025-07-17,2025-08-16,2025-07,construction-client-17.example.com,PO-SYN-000125,45440.44,4356.85,804.42,522.11,Disputed,30,BPAY,2025-07-17T00:00:00,2025-08-11T00:00:00
INV-0000126,EFSA-202501-000126,CLI-0004,2025-01-06,2025-02-05,2025-01,utilities-client-04.example.com,PO-SYN-000126,53392.17,9800.99,2252.6,1558.29,Issued,30,Card,2025-01-06T00:00:00,2025-01-10T00:00:00
INV-0000127,EFSA-202604-000127,CLI-0008,2026-04-05,2026-05-05,2026-04,government-client-08.example.com,PO-SYN-000127,53878.99,11083.51,6491.28,2266.02,Issued,30,Direct Debit,2026-04-05T00:00:00,2026-05-06T00:00:00
INV-0000128,EFSA-202508-000128,CLI-0009,2025-08-04,2025-09-03,2025-08,professional-services-client-09.example.com,PO-SYN-000128,75039.53,13003.37,7770.82,1269.12,Paid,30,Card,2025-08-04T00:00:00,2025-08-31T00:00:00
INV-0000129,EFSA-202603-000129,CLI-0011,2026-03-03,2026-04-02,2026-03,government-client-11.example.com,PO-SYN-000129,65217.87,2578.17,692.65,3043.51,Issued,30,BPAY,2026-03-03T00:00:00,2026-03-29T00:00:00
INV-0000130,EFSA-202501-000130,CLI-0006,2025-01-02,2025-02-01,2025-01,utilities-client-06.example.com,PO-SYN-000130,37045.36,6783.6,6312.08,2134.73,Disputed,30,BPAY,2025-01-02T00:00:00,2025-01-31T00:00:00
INV-0000131,EFSA-202506-000131,CLI-0003,2025-06-19,2025-07-19,2025-06,healthcare-client-03.example.com,PO-SYN-000131,4798.15,757.18,403.55,281.28,Part Paid,30,BPAY,2025-06-19T00:00:00,2025-07-07T00:00:00
INV-0000132,EFSA-202502-000132,CLI-0003,2025-02-07,2025-03-09,2025-02,healthcare-client-03.example.com,PO-SYN-000132,4199.86,627.71,696.1,104.81,Issued,30,Direct Debit,2025-02-07T00:00:00,2025-02-22T00:00:00
INV-0000133,EFSA-202501-000133,CLI-0010,2025-01-01,2025-01-31,2025-01,government-client-10.example.com,PO-SYN-000133,77314.18,9921.79,2095.0,3147.15,Disputed,30,Card,2025-01-01T00:00:00,2025-02-01T00:00:00
INV-0000134,EFSA-202509-000134,CLI-0002,2025-09-25,2025-10-25,2025-09,utilities-client-02.example.com,PO-SYN-000134,59596.15,5569.67,6286.72,1175.97,Part Paid,30,EFT,2025-09-25T00:00:00,2025-10-14T00:00:00
INV-0000135,EFSA-202503-000135,CLI-0018,2025-03-14,2025-04-13,2025-03,professional-services-client-18.example.com,PO-SYN-000135,37768.7,6236.49,4002.81,1142.99,Part Paid,30,BPAY,2025-03-14T00:00:00,2025-03-15T00:00:00
INV-0000136,EFSA-202504-000136,CLI-0017,2025-04-30,2025-05-30,2025-04,construction-client-17.example.com,PO-SYN-000136,52674.08,6932.23,5183.48,2199.88,Issued,30,BPAY,2025-04-30T00:00:00,2025-06-03T00:00:00
INV-0000137,EFSA-202602-000137,CLI-0016,2026-02-05,2026-03-07,2026-02,government-client-16.example.com,PO-SYN-000137,59521.6,5524.61,4349.2,2355.16,Issued,30,Card,2026-02-05T00:00:00,2026-03-07T00:00:00
INV-0000138,EFSA-202510-000138,CLI-0003,2025-10-19,2025-11-18,2025-10,healthcare-client-03.example.com,PO-SYN-000138,44811.3,4275.49,5728.96,978.56,Issued,30,Direct Debit,2025-10-19T00:00:00,2025-10-28T00:00:00
INV-0000139,EFSA-202603-000139,CLI-0014,2026-03-28,2026-04-27,2026-03,professional-services-client-14.example.com,PO-SYN-000139,67541.88,14700.51,5894.64,3928.89,Disputed,30,EFT,2026-03-28T00:00:00,2026-04-22T00:00:00
INV-0000140,EFSA-202506-000140,CLI-0001,2025-06-04,2025-07-04,2025-06,professional-services-client-01.example.com,PO-SYN-000140,92955.56,12145.5,1021.91,5315.24,Disputed,30,Card,2025-06-04T00:00:00,2025-06-13T00:00:00
INV-0000141,EFSA-202602-000141,CLI-0003,2026-02-06,2026-03-08,2026-02,healthcare-client-03.example.com,PO-SYN-000141,45410.67,3956.31,2880.87,2627.77,Part Paid,30,BPAY,2026-02-06T00:00:00,2026-03-08T00:00:00
INV-0000142,EFSA-202512-000142,CLI-0010,2025-12-28,2026-01-27,2025-12,government-client-10.example.com,PO-SYN-000142,11299.53,1916.3,1050.94,330.57,Issued,30,Direct Debit,2025-12-28T00:00:00,2026-01-04T00:00:00
INV-0000143,EFSA-202512-000143,CLI-0018,2025-12-11,2026-01-10,2025-12,professional-services-client-18.example.com,PO-SYN-000143,76345.59,11375.2,2640.88,1114.27,Disputed,30,BPAY,2025-12-11T00:00:00,2025-12-20T00:00:00
INV-0000144,EFSA-202505-000144,CLI-0014,2025-05-17,2025-06-16,2025-05,professional-services-client-14.example.com,PO-SYN-000144,19286.41,929.27,3284.75,515.2,Disputed,30,Direct Debit,2025-05-17T00:00:00,2025-06-15T00:00:00
INV-0000145,EFSA-202602-000145,CLI-0002,2026-02-20,2026-03-22,2026-02,utilities-client-02.example.com,PO-SYN-000145,68056.23,14913.89,10906.66,3134.01,Paid,30,Card,2026-02-20T00:00:00,2026-03-01T00:00:00
INV-0000146,EFSA-202602-000146,CLI-0004,2026-02-26,2026-03-28,2026-02,utilities-client-04.example.com,PO-SYN-000146,53926.79,8423.53,3957.38,2786.5,Issued,30,Card,2026-02-26T00:00:00,2026-03-26T00:00:00
INV-0000147,EFSA-202503-000147,CLI-0017,2025-03-06,2025-04-05,2025-03,construction-client-17.example.com,PO-SYN-000147,3265.53,442.79,102.79,174.65,Part Paid,30,Direct Debit,2025-03-06T00:00:00,2025-03-08T00:00:00
INV-0000148,EFSA-202502-000148,CLI-0002,2025-02-02,2025-03-04,2025-02,utilities-client-02.example.com,PO-SYN-000148,61154.88,3908.5,7931.88,1657.82,Paid,30,Direct Debit,2025-02-02T00:00:00,2025-03-04T00:00:00
INV-0000149,EFSA-202504-000149,CLI-0006,2025-04-19,2025-05-19,2025-04,utilities-client-06.example.com,PO-SYN-000149,79109.83,5987.76,12417.7,4714.47,Disputed,30,EFT,2025-04-19T00:00:00,2025-05-10T00:00:00
INV-0000150,EFSA-202501-000150,CLI-0009,2025-01-03,2025-02-02,2025-01,professional-services-client-09.example.com,PO-SYN-000150,8373.79,980.53,1011.82,465.76,Disputed,30,EFT,2025-01-03T00:00:00,2025-01-14T00:00:00
INV-0000151,EFSA-202601-000151,CLI-0009,2026-01-03,2026-02-02,2026-01,professional-services-client-09.example.com,PO-SYN-000151,44641.4,1697.17,7987.53,608.21,Disputed,30,Card,2026-01-03T00:00:00,2026-01-04T00:00:00
INV-0000152,EFSA-202502-000152,CLI-0016,2025-02-03,2025-03-05,2025-02,government-client-16.example.com,PO-SYN-000152,8420.41,760.25,889.35,378.08,Issued,30,Direct Debit,2025-02-03T00:00:00,2025-02-11T00:00:00
INV-0000153,EFSA-202605-000153,CLI-0012,2026-05-15,2026-06-14,2026-05,government-client-12.example.com,PO-SYN-000153,3094.36,172.05,274.93,155.84,Issued,30,Card,2026-05-15T00:00:00,2026-05-27T00:00:00
INV-0000154,EFSA-202502-000154,CLI-0014,2025-02-11,2025-03-13,2025-02,professional-services-client-14.example.com,PO-SYN-000154,71772.9,2061.6,5143.51,4116.19,Part Paid,30,Direct Debit,2025-02-11T00:00:00,2025-02-20T00:00:00
INV-0000155,EFSA-202501-000155,CLI-0007,2025-01-23,2025-02-22,2025-01,utilities-client-07.example.com,PO-SYN-000155,6020.18,205.75,500.47,154.69,Issued,30,Direct Debit,2025-01-23T00:00:00,2025-02-23T00:00:00
INV-0000156,EFSA-202604-000156,CLI-0009,2026-04-09,2026-05-09,2026-04,professional-services-client-09.example.com,PO-SYN-000156,67460.82,14679.13,1668.04,2375.23,Paid,30,Card,2026-04-09T00:00:00,2026-04-28T00:00:00
INV-0000157,EFSA-202602-000157,CLI-0008,2026-02-20,2026-03-22,2026-02,government-client-08.example.com,PO-SYN-000157,62419.09,11203.59,6162.23,1913.78,Disputed,30,EFT,2026-02-20T00:00:00,2026-03-19T00:00:00
INV-0000158,EFSA-202503-000158,CLI-0012,2025-03-09,2025-04-08,2025-03,government-client-12.example.com,PO-SYN-000158,57756.37,4378.26,5214.07,911.3,Issued,30,EFT,2025-03-09T00:00:00,2025-04-09T00:00:00
INV-0000159,EFSA-202602-000159,CLI-0007,2026-02-17,2026-03-19,2026-02,utilities-client-07.example.com,PO-SYN-000159,31598.63,4034.64,1461.34,1533.34,Issued,30,Direct Debit,2026-02-17T00:00:00,2026-03-06T00:00:00
INV-0000160,EFSA-202501-000160,CLI-0011,2025-01-24,2025-02-23,2025-01,government-client-11.example.com,PO-SYN-000160,17143.07,2998.95,2106.51,517.11,Issued,30,Direct Debit,2025-01-24T00:00:00,2025-02-23T00:00:00
INV-0000161,EFSA-202504-000161,CLI-0010,2025-04-20,2025-05-20,2025-04,government-client-10.example.com,PO-SYN-000161,92315.46,16315.31,12353.95,2944.17,Disputed,30,EFT,2025-04-20T00:00:00,2025-05-12T00:00:00
INV-0000162,EFSA-202508-000162,CLI-0005,2025-08-04,2025-09-03,2025-08,healthcare-client-05.example.com,PO-SYN-000162,51754.45,5233.74,2919.54,1929.59,Issued,30,BPAY,2025-08-04T00:00:00,2025-09-02T00:00:00
INV-0000163,EFSA-202510-000163,CLI-0007,2025-10-29,2025-11-28,2025-10,utilities-client-07.example.com,PO-SYN-000163,53411.74,11640.84,9581.93,2913.6,Disputed,30,EFT,2025-10-29T00:00:00,2025-11-18T00:00:00
INV-0000164,EFSA-202506-000164,CLI-0006,2025-06-12,2025-07-12,2025-06,utilities-client-06.example.com,PO-SYN-000164,76618.58,7395.61,13549.04,4243.73,Paid,30,BPAY,2025-06-12T00:00:00,2025-06-21T00:00:00
INV-0000165,EFSA-202501-000165,CLI-0018,2025-01-25,2025-02-24,2025-01,professional-services-client-18.example.com,PO-SYN-000165,33438.05,1023.69,4974.64,1884.25,Issued,30,BPAY,2025-01-25T00:00:00,2025-02-18T00:00:00
INV-0000166,EFSA-202511-000166,CLI-0015,2025-11-14,2025-12-14,2025-11,healthcare-client-15.example.com,PO-SYN-000166,33871.85,1219.8,5871.91,608.77,Disputed,30,EFT,2025-11-14T00:00:00,2025-11-15T00:00:00
INV-0000167,EFSA-202510-000167,CLI-0002,2025-10-04,2025-11-03,2025-10,utilities-client-02.example.com,PO-SYN-000167,89196.4,17880.55,5813.28,1081.53,Paid,30,Direct Debit,2025-10-04T00:00:00,2025-10-11T00:00:00
INV-0000168,EFSA-202502-000168,CLI-0008,2025-02-21,2025-03-23,2025-02,government-client-08.example.com,PO-SYN-000168,90495.86,19850.84,8023.27,3201.34,Part Paid,30,Direct Debit,2025-02-21T00:00:00,2025-02-23T00:00:00
INV-0000169,EFSA-202506-000169,CLI-0005,2025-06-18,2025-07-18,2025-06,healthcare-client-05.example.com,PO-SYN-000169,77100.6,12400.24,6606.09,2270.86,Issued,30,EFT,2025-06-18T00:00:00,2025-06-20T00:00:00
INV-0000170,EFSA-202601-000170,CLI-0013,2026-01-03,2026-02-02,2026-01,utilities-client-13.example.com,PO-SYN-000170,60130.39,12259.11,3822.58,3367.05,Paid,30,Direct Debit,2026-01-03T00:00:00,2026-01-15T00:00:00
INV-0000171,EFSA-202604-000171,CLI-0001,2026-04-03,2026-05-03,2026-04,professional-services-client-01.example.com,PO-SYN-000171,10607.76,499.06,895.46,272.49,Disputed,30,Card,2026-04-03T00:00:00,2026-04-07T00:00:00
INV-0000172,EFSA-202503-000172,CLI-0001,2025-03-22,2025-04-21,2025-03,professional-services-client-01.example.com,PO-SYN-000172,82113.71,14116.11,10587.59,1029.6,Paid,30,Direct Debit,2025-03-22T00:00:00,2025-04-13T00:00:00
INV-0000173,EFSA-202603-000173,CLI-0007,2026-03-18,2026-04-17,2026-03,utilities-client-07.example.com,PO-SYN-000173,69191.63,3917.53,11025.43,4035.99,Disputed,30,Card,2026-03-18T00:00:00,2026-04-16T00:00:00
INV-0000174,EFSA-202501-000174,CLI-0011,2025-01-17,2025-02-16,2025-01,government-client-11.example.com,PO-SYN-000174,43301.68,1245.58,6577.88,649.29,Part Paid,30,EFT,2025-01-17T00:00:00,2025-01-26T00:00:00
INV-0000175,EFSA-202511-000175,CLI-0015,2025-11-01,2025-12-01,2025-11,healthcare-client-15.example.com,PO-SYN-000175,53668.5,11063.76,6998.93,2119.6,Paid,30,Direct Debit,2025-11-01T00:00:00,2025-11-16T00:00:00
INV-0000176,EFSA-202501-000176,CLI-0003,2025-01-25,2025-02-24,2025-01,healthcare-client-03.example.com,PO-SYN-000176,3894.49,383.74,672.8,160.07,Paid,30,Direct Debit,2025-01-25T00:00:00,2025-02-08T00:00:00
INV-0000177,EFSA-202501-000177,CLI-0004,2025-01-02,2025-02-01,2025-01,utilities-client-04.example.com,PO-SYN-000177,28523.94,1289.6,437.66,591.18,Issued,30,Card,2025-01-02T00:00:00,2025-01-07T00:00:00
INV-0000178,EFSA-202510-000178,CLI-0003,2025-10-05,2025-11-04,2025-10,healthcare-client-03.example.com,PO-SYN-000178,30590.05,4364.78,793.66,644.5,Paid,30,EFT,2025-10-05T00:00:00,2025-11-09T00:00:00
INV-0000179,EFSA-202506-000179,CLI-0012,2025-06-27,2025-07-27,2025-06,government-client-12.example.com,PO-SYN-000179,72916.8,5011.29,5362.74,2796.66,Issued,30,Direct Debit,2025-06-27T00:00:00,2025-07-21T00:00:00
INV-0000180,EFSA-202502-000180,CLI-0013,2025-02-06,2025-03-08,2025-02,utilities-client-13.example.com,PO-SYN-000180,6059.71,615.13,562.17,345.58,Issued,30,Direct Debit,2025-02-06T00:00:00,2025-03-04T00:00:00
INV-0000181,EFSA-202604-000181,CLI-0014,2026-04-28,2026-05-28,2026-04,professional-services-client-14.example.com,PO-SYN-000181,87088.66,16098.3,1741.27,3251.61,Part Paid,30,BPAY,2026-04-28T00:00:00,2026-05-15T00:00:00
INV-0000182,EFSA-202602-000182,CLI-0002,2026-02-03,2026-03-05,2026-02,utilities-client-02.example.com,PO-SYN-000182,66981.57,4576.66,6123.92,1564.21,Issued,30,EFT,2026-02-03T00:00:00,2026-02-16T00:00:00
INV-0000183,EFSA-202506-000183,CLI-0010,2025-06-07,2025-07-07,2025-06,government-client-10.example.com,PO-SYN-000183,56456.89,12004.77,4163.39,1199.79,Issued,30,BPAY,2025-06-07T00:00:00,2025-07-09T00:00:00
INV-0000184,EFSA-202507-000184,CLI-0015,2025-07-13,2025-08-12,2025-07,healthcare-client-15.example.com,PO-SYN-000184,72806.18,13782.37,4864.15,757.37,Issued,30,Card,2025-07-13T00:00:00,2025-07-14T00:00:00
INV-0000185,EFSA-202509-000185,CLI-0003,2025-09-10,2025-10-10,2025-09,healthcare-client-03.example.com,PO-SYN-000185,22551.52,2162.61,1203.52,1239.03,Issued,30,Card,2025-09-10T00:00:00,2025-09-17T00:00:00
INV-0000186,EFSA-202510-000186,CLI-0015,2025-10-03,2025-11-02,2025-10,healthcare-client-15.example.com,PO-SYN-000186,26438.95,3606.87,3085.83,1138.85,Disputed,30,EFT,2025-10-03T00:00:00,2025-10-18T00:00:00
INV-0000187,EFSA-202506-000187,CLI-0008,2025-06-07,2025-07-07,2025-06,government-client-08.example.com,PO-SYN-000187,33454.76,1306.4,421.18,1651.75,Disputed,30,Direct Debit,2025-06-07T00:00:00,2025-07-04T00:00:00
INV-0000188,EFSA-202507-000188,CLI-0002,2025-07-02,2025-08-01,2025-07,utilities-client-02.example.com,PO-SYN-000188,25474.25,3755.96,4408.13,962.65,Part Paid,30,Card,2025-07-02T00:00:00,2025-07-18T00:00:00
INV-0000189,EFSA-202503-000189,CLI-0001,2025-03-19,2025-04-18,2025-03,professional-services-client-01.example.com,PO-SYN-000189,84548.66,3663.46,6365.2,2722.77,Issued,30,Direct Debit,2025-03-19T00:00:00,2025-04-07T00:00:00
INV-0000190,EFSA-202605-000190,CLI-0011,2026-05-06,2026-06-05,2026-05,government-client-11.example.com,PO-SYN-000190,92725.41,18769.38,6193.51,4990.75,Disputed,30,BPAY,2026-05-06T00:00:00,2026-05-27T00:00:00
INV-0000191,EFSA-202502-000191,CLI-0006,2025-02-14,2025-03-16,2025-02,utilities-client-06.example.com,PO-SYN-000191,18731.26,3135.41,2642.63,479.23,Part Paid,30,Direct Debit,2025-02-14T00:00:00,2025-03-01T00:00:00
INV-0000192,EFSA-202508-000192,CLI-0008,2025-08-03,2025-09-02,2025-08,government-client-08.example.com,PO-SYN-000192,64735.35,12717.98,9422.08,3511.07,Issued,30,BPAY,2025-08-03T00:00:00,2025-08-27T00:00:00
INV-0000193,EFSA-202509-000193,CLI-0012,2025-09-24,2025-10-24,2025-09,government-client-12.example.com,PO-SYN-000193,20161.55,1434.84,3571.85,1098.73,Disputed,30,EFT,2025-09-24T00:00:00,2025-09-25T00:00:00
INV-0000194,EFSA-202502-000194,CLI-0015,2025-02-28,2025-03-30,2025-02,healthcare-client-15.example.com,PO-SYN-000194,11356.74,1009.05,426.53,518.83,Disputed,30,Direct Debit,2025-02-28T00:00:00,2025-03-12T00:00:00
INV-0000195,EFSA-202508-000195,CLI-0007,2025-08-09,2025-09-08,2025-08,utilities-client-07.example.com,PO-SYN-000195,67439.01,3618.08,8092.41,2724.52,Issued,30,Direct Debit,2025-08-09T00:00:00,2025-09-01T00:00:00
INV-0000196,EFSA-202602-000196,CLI-0017,2026-02-07,2026-03-09,2026-02,construction-client-17.example.com,PO-SYN-000196,14453.35,1944.99,1345.63,147.62,Paid,30,Direct Debit,2026-02-07T00:00:00,2026-03-07T00:00:00
INV-0000197,EFSA-202601-000197,CLI-0004,2026-01-31,2026-03-02,2026-01,utilities-client-04.example.com,PO-SYN-000197,13309.94,1428.24,1344.84,354.25,Disputed,30,Direct Debit,2026-01-31T00:00:00,2026-02-21T00:00:00
INV-0000198,EFSA-202512-000198,CLI-0015,2025-12-20,2026-01-19,2025-12,healthcare-client-15.example.com,PO-SYN-000198,92498.71,4948.3,11786.59,2690.42,Disputed,30,Direct Debit,2025-12-20T00:00:00,2025-12-24T00:00:00
INV-0000199,EFSA-202604-000199,CLI-0011,2026-04-15,2026-05-15,2026-04,government-client-11.example.com,PO-SYN-000199,24742.65,3142.21,3647.32,994.5,Issued,30,Direct Debit,2026-04-15T00:00:00,2026-05-10T00:00:00
INV-0000200,EFSA-202509-000200,CLI-0005,2025-09-18,2025-10-18,2025-09,healthcare-client-05.example.com,PO-SYN-000200,86592.57,10037.67,3403.46,3069.99,Paid,30,Card,2025-09-18T00:00:00,2025-09-22T00:00:00
INV-0000201,EFSA-202509-000201,CLI-0004,2025-09-21,2025-10-21,2025-09,utilities-client-04.example.com,PO-SYN-000201,15705.39,2583.17,1430.0,158.01,Issued,30,EFT,2025-09-21T00:00:00,2025-10-10T00:00:00
INV-0000202,EFSA-202503-000202,CLI-0018,2025-03-07,2025-04-06,2025-03,professional-services-client-18.example.com,PO-SYN-000202,60525.03,11362.76,2957.77,2610.1,Issued,30,Direct Debit,2025-03-07T00:00:00,2025-03-24T00:00:00
INV-0000203,EFSA-202505-000203,CLI-0003,2025-05-23,2025-06-22,2025-05,healthcare-client-03.example.com,PO-SYN-000203,28644.5,6229.62,3475.2,1333.61,Disputed,30,Direct Debit,2025-05-23T00:00:00,2025-05-28T00:00:00
INV-0000204,EFSA-202605-000204,CLI-0014,2026-05-14,2026-06-13,2026-05,professional-services-client-14.example.com,PO-SYN-000204,90720.74,8344.52,10198.41,1797.55,Issued,30,EFT,2026-05-14T00:00:00,2026-05-15T00:00:00
INV-0000205,EFSA-202501-000205,CLI-0005,2025-01-19,2025-02-18,2025-01,healthcare-client-05.example.com,PO-SYN-000205,61332.04,13231.47,3501.43,2804.08,Issued,30,EFT,2025-01-19T00:00:00,2025-01-28T00:00:00
INV-0000206,EFSA-202601-000206,CLI-0005,2026-01-03,2026-02-02,2026-01,healthcare-client-05.example.com,PO-SYN-000206,43379.42,3983.75,7294.79,1942.21,Issued,30,EFT,2026-01-03T00:00:00,2026-01-27T00:00:00
INV-0000207,EFSA-202501-000207,CLI-0007,2025-01-22,2025-02-21,2025-01,utilities-client-07.example.com,PO-SYN-000207,85663.03,14722.12,8186.6,2646.68,Issued,30,BPAY,2025-01-22T00:00:00,2025-02-08T00:00:00
INV-0000208,EFSA-202504-000208,CLI-0013,2025-04-11,2025-05-11,2025-04,utilities-client-13.example.com,PO-SYN-000208,3265.5,708.2,64.54,149.44,Disputed,30,EFT,2025-04-11T00:00:00,2025-05-10T00:00:00
INV-0000209,EFSA-202508-000209,CLI-0015,2025-08-24,2025-09-23,2025-08,healthcare-client-15.example.com,PO-SYN-000209,35739.02,7169.91,940.37,1317.46,Issued,30,Direct Debit,2025-08-24T00:00:00,2025-08-26T00:00:00
INV-0000210,EFSA-202511-000210,CLI-0006,2025-11-03,2025-12-03,2025-11,utilities-client-06.example.com,PO-SYN-000210,11248.61,1760.71,1667.07,662.7,Issued,30,BPAY,2025-11-03T00:00:00,2025-11-23T00:00:00
INV-0000211,EFSA-202603-000211,CLI-0013,2026-03-19,2026-04-18,2026-03,utilities-client-13.example.com,PO-SYN-000211,58946.9,11324.89,2184.02,2797.25,Disputed,30,EFT,2026-03-19T00:00:00,2026-03-27T00:00:00
INV-0000212,EFSA-202505-000212,CLI-0001,2025-05-15,2025-06-14,2025-05,professional-services-client-01.example.com,PO-SYN-000212,25810.62,5499.52,2632.84,614.17,Disputed,30,BPAY,2025-05-15T00:00:00,2025-06-10T00:00:00
INV-0000213,EFSA-202503-000213,CLI-0006,2025-03-19,2025-04-18,2025-03,utilities-client-06.example.com,PO-SYN-000213,55209.0,9953.72,2457.58,879.25,Part Paid,30,Direct Debit,2025-03-19T00:00:00,2025-04-21T00:00:00
INV-0000214,EFSA-202507-000214,CLI-0002,2025-07-07,2025-08-06,2025-07,utilities-client-02.example.com,PO-SYN-000214,40339.38,7945.23,7047.4,1245.85,Part Paid,30,BPAY,2025-07-07T00:00:00,2025-07-10T00:00:00
INV-0000215,EFSA-202504-000215,CLI-0013,2025-04-30,2025-05-30,2025-04,utilities-client-13.example.com,PO-SYN-000215,67439.21,13890.61,1638.72,2401.32,Part Paid,30,Card,2025-04-30T00:00:00,2025-05-24T00:00:00
INV-0000216,EFSA-202506-000216,CLI-0002,2025-06-05,2025-07-05,2025-06,utilities-client-02.example.com,PO-SYN-000216,56471.64,9925.49,8083.79,1413.21,Issued,30,BPAY,2025-06-05T00:00:00,2025-07-03T00:00:00
INV-0000217,EFSA-202504-000217,CLI-0013,2025-04-11,2025-05-11,2025-04,utilities-client-13.example.com,PO-SYN-000217,66006.92,9302.48,2775.98,1401.72,Part Paid,30,Card,2025-04-11T00:00:00,2025-04-12T00:00:00
INV-0000218,EFSA-202511-000218,CLI-0010,2025-11-28,2025-12-28,2025-11,government-client-10.example.com,PO-SYN-000218,58615.69,3133.3,2477.18,3067.09,Part Paid,30,EFT,2025-11-28T00:00:00,2025-12-26T00:00:00
INV-0000219,EFSA-202502-000219,CLI-0004,2025-02-15,2025-03-17,2025-02,utilities-client-04.example.com,PO-SYN-000219,30187.63,1490.41,1412.64,922.13,Issued,30,Card,2025-02-15T00:00:00,2025-03-08T00:00:00
INV-0000220,EFSA-202512-000220,CLI-0009,2025-12-11,2026-01-10,2025-12,professional-services-client-09.example.com,PO-SYN-000220,16920.11,2636.76,2614.59,707.46,Issued,30,BPAY,2025-12-11T00:00:00,2025-12-18T00:00:00
INV-0000221,EFSA-202503-000221,CLI-0014,2025-03-17,2025-04-16,2025-03,professional-services-client-14.example.com,PO-SYN-000221,61831.24,10194.18,10156.7,2817.08,Disputed,30,BPAY,2025-03-17T00:00:00,2025-04-03T00:00:00
INV-0000222,EFSA-202504-000222,CLI-0008,2025-04-13,2025-05-13,2025-04,government-client-08.example.com,PO-SYN-000222,54492.92,9863.2,8765.27,2507.12,Paid,30,BPAY,2025-04-13T00:00:00,2025-04-25T00:00:00
INV-0000223,EFSA-202512-000223,CLI-0012,2025-12-08,2026-01-07,2025-12,government-client-12.example.com,PO-SYN-000223,8299.49,1048.44,400.33,191.2,Issued,30,Direct Debit,2025-12-08T00:00:00,2025-12-24T00:00:00
INV-0000224,EFSA-202502-000224,CLI-0003,2025-02-10,2025-03-12,2025-02,healthcare-client-03.example.com,PO-SYN-000224,67989.34,6334.49,8406.09,2377.96,Issued,30,Card,2025-02-10T00:00:00,2025-02-28T00:00:00
INV-0000225,EFSA-202603-000225,CLI-0012,2026-03-19,2026-04-18,2026-03,government-client-12.example.com,PO-SYN-000225,45955.21,7608.02,7616.77,1754.84,Paid,30,BPAY,2026-03-19T00:00:00,2026-04-10T00:00:00
INV-0000226,EFSA-202507-000226,CLI-0015,2025-07-25,2025-08-24,2025-07,healthcare-client-15.example.com,PO-SYN-000226,56988.04,11339.65,8295.91,1334.24,Paid,30,EFT,2025-07-25T00:00:00,2025-08-18T00:00:00
INV-0000227,EFSA-202508-000227,CLI-0008,2025-08-12,2025-09-11,2025-08,government-client-08.example.com,PO-SYN-000227,37106.13,4246.34,5778.61,1100.25,Disputed,30,BPAY,2025-08-12T00:00:00,2025-08-17T00:00:00
INV-0000228,EFSA-202504-000228,CLI-0014,2025-04-17,2025-05-17,2025-04,professional-services-client-14.example.com,PO-SYN-000228,86346.92,3911.05,3462.87,2096.29,Issued,30,Direct Debit,2025-04-17T00:00:00,2025-05-09T00:00:00
INV-0000229,EFSA-202509-000229,CLI-0010,2025-09-18,2025-10-18,2025-09,government-client-10.example.com,PO-SYN-000229,11053.53,976.45,1539.44,439.9,Paid,30,Card,2025-09-18T00:00:00,2025-10-13T00:00:00
INV-0000230,EFSA-202506-000230,CLI-0013,2025-06-04,2025-07-04,2025-06,utilities-client-13.example.com,PO-SYN-000230,80670.03,4545.33,12510.81,1772.84,Part Paid,30,Card,2025-06-04T00:00:00,2025-06-13T00:00:00
INV-0000231,EFSA-202507-000231,CLI-0008,2025-07-08,2025-08-07,2025-07,government-client-08.example.com,PO-SYN-000231,74476.61,10255.45,2247.17,1420.99,Issued,30,Card,2025-07-08T00:00:00,2025-07-12T00:00:00
INV-0000232,EFSA-202511-000232,CLI-0009,2025-11-30,2025-12-30,2025-11,professional-services-client-09.example.com,PO-SYN-000232,53090.48,3136.73,7684.77,948.76,Part Paid,30,Direct Debit,2025-11-30T00:00:00,2025-12-20T00:00:00
INV-0000233,EFSA-202603-000233,CLI-0011,2026-03-30,2026-04-29,2026-03,government-client-11.example.com,PO-SYN-000233,31423.06,5143.29,612.5,1204.4,Issued,30,BPAY,2026-03-30T00:00:00,2026-04-14T00:00:00
INV-0000234,EFSA-202605-000234,CLI-0004,2026-05-08,2026-06-07,2026-05,utilities-client-04.example.com,PO-SYN-000234,86486.35,17360.7,1305.76,3656.71,Issued,30,BPAY,2026-05-08T00:00:00,2026-06-11T00:00:00
INV-0000235,EFSA-202604-000235,CLI-0012,2026-04-16,2026-05-16,2026-04,government-client-12.example.com,PO-SYN-000235,18365.12,3790.27,431.55,853.88,Part Paid,30,Direct Debit,2026-04-16T00:00:00,2026-05-04T00:00:00
INV-0000236,EFSA-202503-000236,CLI-0011,2025-03-22,2025-04-21,2025-03,government-client-11.example.com,PO-SYN-000236,22238.6,4072.54,2709.78,1044.24,Issued,30,BPAY,2025-03-22T00:00:00,2025-04-24T00:00:00
INV-0000237,EFSA-202505-000237,CLI-0015,2025-05-13,2025-06-12,2025-05,healthcare-client-15.example.com,PO-SYN-000237,27569.45,4302.36,4448.33,962.25,Issued,30,BPAY,2025-05-13T00:00:00,2025-05-26T00:00:00
INV-0000238,EFSA-202603-000238,CLI-0006,2026-03-22,2026-04-21,2026-03,utilities-client-06.example.com,PO-SYN-000238,62625.64,11471.36,895.77,2282.82,Paid,30,EFT,2026-03-22T00:00:00,2026-04-06T00:00:00
INV-0000239,EFSA-202508-000239,CLI-0015,2025-08-25,2025-09-24,2025-08,healthcare-client-15.example.com,PO-SYN-000239,44672.9,6051.43,3486.8,1170.24,Issued,30,EFT,2025-08-25T00:00:00,2025-09-24T00:00:00
INV-0000240,EFSA-202502-000240,CLI-0001,2025-02-27,2025-03-29,2025-02,professional-services-client-01.example.com,PO-SYN-000240,28636.48,927.51,4314.39,1610.8,Paid,30,EFT,2025-02-27T00:00:00,2025-03-28T00:00:00
