charging_session_id,vehicle_id,client_id,charger_id,charger_serial_number,meter_id,session_start_datetime,session_end_datetime,charger_location_type,connector_type,tariff_type,network_provider,energy_kwh,gross_amount,reimbursement_status,effective_at,updated_at
EVS-0000001,VEH-00030,CLI-0011,CHG-00068,CHGSYN937337,MTR-000165,2025-10-27T02:00:00,2025-10-27T05:03:00,Public,CCS2,Off Peak,Synthetic Charge Network B,65.99,36.89,Rejected,2026-05-24T14:59:00,2026-05-25T08:01:00
EVS-0000002,VEH-00085,CLI-0005,CHG-00048,CHGSYN575549,MTR-000110,2025-07-19T03:00:00,2025-07-19T07:43:00,Home,Type 2,Demand,Synthetic Charge Network B,29.4,18.56,Pending,2026-05-24T14:58:00,2026-05-25T08:02:00
EVS-0000003,VEH-00109,CLI-0012,CHG-00109,CHGSYN352201,MTR-000150,2026-01-20T04:00:00,2026-01-20T07:29:00,Workplace,Type 2,Peak,Client Depot Charger,40.03,17.81,Matched,2026-05-24T14:57:00,2026-05-25T08:03:00
EVS-0000004,VEH-00115,CLI-0011,CHG-00094,CHGSYN618435,MTR-000054,2025-01-13T11:00:00,2025-01-13T15:22:00,Home,Type 2,Demand,Client Depot Charger,20.88,7.94,Pending,2026-05-24T14:56:00,2026-05-25T08:04:00
EVS-0000005,VEH-00036,CLI-0003,CHG-00074,CHGSYN799627,MTR-000098,2025-12-02T22:00:00,2025-12-02T23:03:00,Public,CCS2,Demand,Synthetic Charge Network B,20.78,6.62,Matched,2026-05-24T14:55:00,2026-05-25T08:05:00
EVS-0000006,VEH-00049,CLI-0009,CHG-00029,CHGSYN175097,MTR-000207,2026-05-03T21:00:00,2026-05-04T01:22:00,Workplace,Type 2,Off Peak,Synthetic Charge Network A,6.06,3.46,Pending,2026-05-24T14:54:00,2026-05-25T08:06:00
EVS-0000007,VEH-00044,CLI-0013,CHG-00102,CHGSYN657700,MTR-000189,2025-04-27T03:00:00,2025-04-27T07:03:00,Depot,CCS2,Off Peak,Synthetic Charge Network B,26.1,6.14,Client Paid,2026-05-24T14:53:00,2026-05-25T08:07:00
EVS-0000008,VEH-00065,CLI-0002,CHG-00100,CHGSYN721968,MTR-000131,2026-05-16T18:00:00,2026-05-16T22:35:00,Home,Type 2,Demand,Client Depot Charger,31.64,16.86,Rejected,2026-05-24T14:52:00,2026-05-25T08:08:00
EVS-0000009,VEH-00007,CLI-0016,CHG-00059,CHGSYN521070,MTR-000187,2025-04-23T15:00:00,2025-04-23T17:24:00,Home,CCS2,Peak,Client Depot Charger,24.92,18.77,Pending,2026-05-25T14:59:00,2026-05-26T08:01:00
EVS-0000010,VEH-00135,CLI-0006,CHG-00099,CHGSYN445852,MTR-000154,2026-04-24T01:00:00,2026-04-24T03:22:00,Public,Type 2,Flat,Synthetic Charge Network B,17.4,4.31,Rejected,2026-05-25T14:58:00,2026-05-26T08:02:00
EVS-0000011,VEH-00028,CLI-0001,CHG-00033,CHGSYN638509,MTR-000041,2025-08-20T05:00:00,2025-08-20T07:51:00,Workplace,Type 2,Peak,Synthetic Charge Network A,11.57,3.11,Pending,2026-05-25T14:57:00,2026-05-26T08:03:00
EVS-0000012,VEH-00150,CLI-0004,CHG-00014,CHGSYN989173,MTR-000212,2026-04-30T12:00:00,2026-04-30T16:33:00,Public,CHAdeMO,Demand,Client Depot Charger,45.67,25.72,Client Paid,2026-05-25T14:56:00,2026-05-26T08:04:00
EVS-0000013,VEH-00104,CLI-0017,CHG-00115,CHGSYN754607,MTR-000154,2025-10-25T19:00:00,2025-10-25T19:57:00,Public,Type 2,Peak,Synthetic Charge Network A,66.82,33.05,Pending,2026-05-25T14:55:00,2026-05-26T08:05:00
EVS-0000014,VEH-00115,CLI-0011,CHG-00107,CHGSYN473236,MTR-000133,2026-02-09T10:00:00,2026-02-09T16:45:00,Home,CHAdeMO,Flat,Synthetic Charge Network A,64.05,29.61,Matched,2026-05-25T14:54:00,2026-05-26T08:06:00
EVS-0000015,VEH-00131,CLI-0003,CHG-00081,CHGSYN526122,MTR-000063,2026-03-14T22:00:00,2026-03-14T23:16:00,Workplace,Type 2,Flat,Synthetic Charge Network A,60.45,33.49,Client Paid,2026-05-25T14:53:00,2026-05-26T08:07:00
EVS-0000016,VEH-00100,CLI-0007,CHG-00027,CHGSYN538884,MTR-000153,2026-01-17T13:00:00,2026-01-17T16:04:00,Workplace,Type 2,Demand,Client Depot Charger,61.62,31.06,Pending,2026-05-25T14:52:00,2026-05-26T08:08:00
EVS-0000017,VEH-00049,CLI-0009,CHG-00014,CHGSYN511003,MTR-000136,2025-12-20T22:00:00,2025-12-20T23:53:00,Home,Type 2,Peak,Client Depot Charger,41.74,28.43,Matched,2026-05-26T14:59:00,2026-05-27T08:01:00
EVS-0000018,VEH-00093,CLI-0011,CHG-00044,CHGSYN220501,MTR-000100,2025-06-28T06:00:00,2025-06-28T08:21:00,Depot,CCS2,Flat,Synthetic Charge Network A,73.4,19.31,Client Paid,2026-05-26T14:58:00,2026-05-27T08:02:00
EVS-0000019,VEH-00123,CLI-0004,CHG-00080,CHGSYN822727,MTR-000155,2026-03-11T01:00:00,2026-03-11T01:56:00,Depot,CCS2,Peak,Client Depot Charger,8.49,3.57,Client Paid,2026-05-26T14:57:00,2026-05-27T08:03:00
EVS-0000020,VEH-00112,CLI-0018,CHG-00088,CHGSYN828597,MTR-000108,2025-09-15T07:00:00,2025-09-15T09:28:00,Home,Type 2,Demand,Synthetic Charge Network B,58.8,45.84,Rejected,2026-05-26T14:56:00,2026-05-27T08:04:00
EVS-0000021,VEH-00131,CLI-0003,CHG-00088,CHGSYN210982,MTR-000113,2026-04-12T10:00:00,2026-04-12T12:47:00,Home,CHAdeMO,Peak,Synthetic Charge Network B,16.48,8.77,Pending,2026-05-26T14:55:00,2026-05-27T08:05:00
EVS-0000022,VEH-00055,CLI-0009,CHG-00046,CHGSYN211457,MTR-000210,2026-03-21T13:00:00,2026-03-21T19:28:00,Depot,CHAdeMO,Peak,Synthetic Charge Network B,62.58,42.19,Pending,2026-05-26T14:54:00,2026-05-27T08:06:00
EVS-0000023,VEH-00085,CLI-0005,CHG-00092,CHGSYN370750,MTR-000026,2025-11-03T08:00:00,2025-11-03T10:14:00,Public,CCS2,Peak,Synthetic Charge Network A,21.86,8.65,Rejected,2026-05-26T14:53:00,2026-05-27T08:07:00
EVS-0000024,VEH-00127,CLI-0017,CHG-00103,CHGSYN646639,MTR-000170,2026-04-04T15:00:00,2026-04-04T21:45:00,Public,CHAdeMO,Flat,Client Depot Charger,22.48,12.34,Client Paid,2026-05-26T14:52:00,2026-05-27T08:08:00
EVS-0000025,VEH-00123,CLI-0004,CHG-00072,CHGSYN864810,MTR-000009,2025-03-11T20:00:00,2025-03-12T01:15:00,Depot,CHAdeMO,Flat,Synthetic Charge Network B,42.61,20.91,Rejected,2026-05-27T14:59:00,2026-05-28T08:01:00
EVS-0000026,VEH-00137,CLI-0010,CHG-00108,CHGSYN519912,MTR-000131,2026-04-19T02:00:00,2026-04-19T03:00:00,Home,Type 2,Peak,Client Depot Charger,70.31,33.99,Matched,2026-05-27T14:58:00,2026-05-28T08:02:00
EVS-0000027,VEH-00007,CLI-0016,CHG-00123,CHGSYN788770,MTR-000058,2025-03-11T03:00:00,2025-03-11T09:29:00,Public,Type 2,Peak,Synthetic Charge Network B,38.52,11.33,Rejected,2026-05-27T14:57:00,2026-05-28T08:03:00
EVS-0000028,VEH-00042,CLI-0002,CHG-00025,CHGSYN821782,MTR-000158,2026-04-29T08:00:00,2026-04-29T12:56:00,Depot,Type 2,Demand,Client Depot Charger,55.98,40.92,Rejected,2026-05-27T14:56:00,2026-05-28T08:04:00
EVS-0000029,VEH-00097,CLI-0012,CHG-00025,CHGSYN670716,MTR-000026,2026-04-07T00:00:00,2026-04-07T06:00:00,Public,CCS2,Off Peak,Synthetic Charge Network A,27.26,10.52,Client Paid,2026-05-27T14:55:00,2026-05-28T08:05:00
EVS-0000030,VEH-00144,CLI-0017,CHG-00072,CHGSYN356534,MTR-000207,2025-01-16T05:00:00,2025-01-16T11:54:00,Public,Type 2,Off Peak,Synthetic Charge Network B,73.0,32.87,Pending,2026-05-27T14:54:00,2026-05-28T08:06:00
EVS-0000031,VEH-00144,CLI-0017,CHG-00017,CHGSYN452702,MTR-000107,2025-08-07T21:00:00,2025-08-07T23:48:00,Home,CHAdeMO,Off Peak,Synthetic Charge Network A,56.04,22.02,Client Paid,2026-05-27T14:53:00,2026-05-28T08:07:00
EVS-0000032,VEH-00129,CLI-0017,CHG-00050,CHGSYN590165,MTR-000010,2025-12-28T02:00:00,2025-12-28T05:11:00,Public,CHAdeMO,Peak,Synthetic Charge Network B,42.66,29.42,Pending,2026-05-27T14:52:00,2026-05-28T08:08:00
EVS-0000033,VEH-00134,CLI-0004,CHG-00099,CHGSYN179789,MTR-000171,2025-09-18T05:00:00,2025-09-18T06:04:00,Home,CHAdeMO,Peak,Synthetic Charge Network B,48.4,21.04,Rejected,2025-09-18T05:00:00,2025-09-23T05:00:00
EVS-0000034,VEH-00121,CLI-0011,CHG-00045,CHGSYN353610,MTR-000123,2025-03-31T01:00:00,2025-03-31T04:43:00,Workplace,CCS2,Demand,Client Depot Charger,46.37,14.7,Pending,2025-03-31T01:00:00,2025-04-18T01:00:00
EVS-0000035,VEH-00074,CLI-0018,CHG-00024,CHGSYN696305,MTR-000065,2025-10-03T12:00:00,2025-10-03T13:15:00,Home,CHAdeMO,Peak,Client Depot Charger,21.89,13.11,Pending,2025-10-03T12:00:00,2025-10-12T12:00:00
EVS-0000036,VEH-00034,CLI-0011,CHG-00076,CHGSYN102307,MTR-000097,2025-11-20T04:00:00,2025-11-20T08:05:00,Depot,CHAdeMO,Peak,Synthetic Charge Network B,25.07,11.27,Pending,2025-11-20T04:00:00,2025-11-29T04:00:00
EVS-0000037,VEH-00146,CLI-0013,CHG-00061,CHGSYN369855,MTR-000054,2025-11-06T07:00:00,2025-11-06T11:29:00,Public,Type 2,Demand,Synthetic Charge Network B,41.18,29.87,Rejected,2025-11-06T07:00:00,2025-11-07T07:00:00
EVS-0000038,VEH-00109,CLI-0012,CHG-00074,CHGSYN284264,MTR-000073,2026-02-18T11:00:00,2026-02-18T13:35:00,Depot,CCS2,Peak,Client Depot Charger,35.56,14.39,Matched,2026-02-18T11:00:00,2026-03-04T11:00:00
EVS-0000039,VEH-00058,CLI-0018,CHG-00089,CHGSYN271011,MTR-000195,2026-02-25T00:00:00,2026-02-25T05:14:00,Public,CHAdeMO,Off Peak,Synthetic Charge Network B,19.89,13.77,Matched,2026-02-25T00:00:00,2026-03-04T00:00:00
EVS-0000040,VEH-00120,CLI-0003,CHG-00109,CHGSYN397144,MTR-000084,2026-04-09T19:00:00,2026-04-09T21:15:00,Public,CHAdeMO,Flat,Synthetic Charge Network B,35.03,15.65,Matched,2026-04-09T19:00:00,2026-04-17T19:00:00
EVS-0000041,VEH-00101,CLI-0005,CHG-00052,CHGSYN104750,MTR-000010,2025-10-09T16:00:00,2025-10-09T22:58:00,Public,CCS2,Peak,Client Depot Charger,14.47,7.31,Client Paid,2025-10-09T16:00:00,2025-10-15T16:00:00
EVS-0000042,VEH-00059,CLI-0007,CHG-00103,CHGSYN799360,MTR-000097,2026-01-14T23:00:00,2026-01-15T03:52:00,Workplace,CCS2,Demand,Client Depot Charger,73.04,38.11,Rejected,2026-01-14T23:00:00,2026-01-28T23:00:00
EVS-0000043,VEH-00005,CLI-0010,CHG-00006,CHGSYN996653,MTR-000111,2025-02-24T14:00:00,2025-02-24T19:27:00,Home,Type 2,Off Peak,Client Depot Charger,33.78,15.76,Matched,2025-02-24T14:00:00,2025-02-26T14:00:00
EVS-0000044,VEH-00007,CLI-0016,CHG-00067,CHGSYN934789,MTR-000184,2025-04-21T16:00:00,2025-04-21T20:17:00,Home,CCS2,Demand,Synthetic Charge Network B,71.51,48.94,Client Paid,2025-04-21T16:00:00,2025-05-04T16:00:00
EVS-0000045,VEH-00070,CLI-0014,CHG-00139,CHGSYN863333,MTR-000130,2025-06-23T02:00:00,2025-06-23T06:04:00,Home,CHAdeMO,Flat,Synthetic Charge Network B,6.0,2.97,Rejected,2025-06-23T02:00:00,2025-07-01T02:00:00
EVS-0000046,VEH-00120,CLI-0003,CHG-00053,CHGSYN397886,MTR-000178,2025-12-16T05:00:00,2025-12-16T07:14:00,Public,CHAdeMO,Demand,Client Depot Charger,66.3,33.79,Matched,2025-12-16T05:00:00,2025-12-24T05:00:00
EVS-0000047,VEH-00070,CLI-0014,CHG-00086,CHGSYN919503,MTR-000105,2025-01-09T20:00:00,2025-01-09T23:57:00,Depot,CCS2,Off Peak,Synthetic Charge Network B,57.64,14.15,Rejected,2025-01-09T20:00:00,2025-01-14T20:00:00
EVS-0000048,VEH-00119,CLI-0008,CHG-00138,CHGSYN716381,MTR-000043,2025-08-30T22:00:00,2025-08-31T01:17:00,Workplace,Type 2,Off Peak,Synthetic Charge Network A,35.56,24.64,Rejected,2025-08-30T22:00:00,2025-08-31T22:00:00
EVS-0000049,VEH-00148,CLI-0005,CHG-00126,CHGSYN548614,MTR-000191,2025-10-03T10:00:00,2025-10-03T11:56:00,Workplace,CCS2,Flat,Client Depot Charger,64.43,29.01,Pending,2025-10-03T10:00:00,2025-10-19T10:00:00
EVS-0000050,VEH-00135,CLI-0006,CHG-00105,CHGSYN686455,MTR-000014,2025-05-06T23:00:00,2025-05-07T05:11:00,Workplace,Type 2,Off Peak,Client Depot Charger,25.55,10.64,Matched,2025-05-06T23:00:00,2025-05-08T23:00:00
EVS-0000051,VEH-00005,CLI-0010,CHG-00113,CHGSYN675952,MTR-000148,2026-03-12T04:00:00,2026-03-12T07:41:00,Public,Type 2,Peak,Synthetic Charge Network A,58.35,37.64,Rejected,2026-03-12T04:00:00,2026-03-16T04:00:00
EVS-0000052,VEH-00106,CLI-0017,CHG-00122,CHGSYN151141,MTR-000056,2025-09-26T12:00:00,2025-09-26T15:46:00,Public,CCS2,Peak,Synthetic Charge Network A,37.26,27.92,Client Paid,2025-09-26T12:00:00,2025-10-02T12:00:00
EVS-0000053,VEH-00055,CLI-0009,CHG-00067,CHGSYN522540,MTR-000131,2025-05-25T06:00:00,2025-05-25T11:34:00,Workplace,CHAdeMO,Peak,Synthetic Charge Network A,26.68,7.44,Matched,2025-05-25T06:00:00,2025-06-15T06:00:00
EVS-0000054,VEH-00040,CLI-0008,CHG-00108,CHGSYN193089,MTR-000123,2025-07-09T14:00:00,2025-07-09T20:33:00,Home,CCS2,Peak,Synthetic Charge Network A,19.34,13.85,Rejected,2025-07-09T14:00:00,2025-07-17T14:00:00
EVS-0000055,VEH-00076,CLI-0001,CHG-00045,CHGSYN808000,MTR-000106,2026-03-30T13:00:00,2026-03-30T14:37:00,Workplace,Type 2,Demand,Synthetic Charge Network B,37.35,19.47,Matched,2026-03-30T13:00:00,2026-04-15T13:00:00
EVS-0000056,VEH-00128,CLI-0005,CHG-00126,CHGSYN953244,MTR-000127,2025-10-11T19:00:00,2025-10-11T21:43:00,Workplace,CCS2,Off Peak,Client Depot Charger,67.32,25.62,Pending,2025-10-11T19:00:00,2025-10-20T19:00:00
EVS-0000057,VEH-00109,CLI-0012,CHG-00091,CHGSYN989655,MTR-000049,2025-03-12T18:00:00,2025-03-12T22:16:00,Workplace,CCS2,Flat,Synthetic Charge Network A,54.47,26.51,Client Paid,2025-03-12T18:00:00,2025-03-25T18:00:00
EVS-0000058,VEH-00119,CLI-0008,CHG-00039,CHGSYN123621,MTR-000123,2025-01-13T08:00:00,2025-01-13T12:03:00,Workplace,CCS2,Flat,Synthetic Charge Network B,38.32,21.24,Rejected,2025-01-13T08:00:00,2025-01-19T08:00:00
EVS-0000059,VEH-00063,CLI-0016,CHG-00054,CHGSYN783399,MTR-000199,2025-06-12T15:00:00,2025-06-12T17:14:00,Home,CHAdeMO,Flat,Synthetic Charge Network A,12.0,6.96,Matched,2025-06-12T15:00:00,2025-06-30T15:00:00
EVS-0000060,VEH-00059,CLI-0007,CHG-00096,CHGSYN517782,MTR-000092,2026-02-12T13:00:00,2026-02-12T19:39:00,Depot,Type 2,Off Peak,Client Depot Charger,56.22,20.66,Pending,2026-02-12T13:00:00,2026-02-28T13:00:00
EVS-0000061,VEH-00071,CLI-0006,CHG-00063,CHGSYN458567,MTR-000047,2025-08-05T11:00:00,2025-08-05T13:10:00,Depot,CCS2,Demand,Synthetic Charge Network A,50.52,28.97,Matched,2025-08-05T11:00:00,2025-08-06T11:00:00
EVS-0000062,VEH-00056,CLI-0014,CHG-00021,CHGSYN173546,MTR-000016,2026-03-14T18:00:00,2026-03-15T00:44:00,Depot,CCS2,Off Peak,Synthetic Charge Network B,37.72,9.94,Client Paid,2026-03-14T18:00:00,2026-03-24T18:00:00
EVS-0000063,VEH-00021,CLI-0018,CHG-00082,CHGSYN626786,MTR-000056,2025-02-22T21:00:00,2025-02-23T03:51:00,Workplace,CCS2,Demand,Synthetic Charge Network B,11.9,3.13,Rejected,2025-02-22T21:00:00,2025-03-09T21:00:00
EVS-0000064,VEH-00100,CLI-0007,CHG-00105,CHGSYN635949,MTR-000125,2025-02-17T16:00:00,2025-02-17T22:10:00,Home,CCS2,Demand,Client Depot Charger,34.9,19.08,Client Paid,2025-02-17T16:00:00,2025-03-10T16:00:00
EVS-0000065,VEH-00137,CLI-0010,CHG-00038,CHGSYN842569,MTR-000158,2026-03-03T12:00:00,2026-03-03T12:36:00,Public,CHAdeMO,Peak,Synthetic Charge Network B,64.38,28.73,Rejected,2026-03-03T12:00:00,2026-03-03T12:00:00
EVS-0000066,VEH-00113,CLI-0010,CHG-00043,CHGSYN835454,MTR-000060,2025-02-04T08:00:00,2025-02-04T14:22:00,Depot,Type 2,Peak,Client Depot Charger,49.65,30.51,Client Paid,2025-02-04T08:00:00,2025-02-17T08:00:00
EVS-0000067,VEH-00060,CLI-0017,CHG-00124,CHGSYN813460,MTR-000062,2025-06-11T08:00:00,2025-06-11T13:47:00,Workplace,Type 2,Peak,Synthetic Charge Network A,64.16,23.22,Rejected,2025-06-11T08:00:00,2025-06-13T08:00:00
EVS-0000068,VEH-00049,CLI-0009,CHG-00097,CHGSYN133797,MTR-000079,2025-09-30T12:00:00,2025-09-30T16:36:00,Public,CCS2,Peak,Synthetic Charge Network A,65.55,34.67,Matched,2025-09-30T12:00:00,2025-10-08T12:00:00
EVS-0000069,VEH-00101,CLI-0005,CHG-00043,CHGSYN373835,MTR-000117,2025-09-14T10:00:00,2025-09-14T13:01:00,Public,Type 2,Flat,Synthetic Charge Network A,55.86,22.53,Rejected,2025-09-14T10:00:00,2025-09-23T10:00:00
EVS-0000070,VEH-00029,CLI-0018,CHG-00043,CHGSYN857079,MTR-000058,2026-04-05T23:00:00,2026-04-06T03:46:00,Workplace,CHAdeMO,Peak,Synthetic Charge Network B,7.13,5.53,Client Paid,2026-04-05T23:00:00,2026-04-18T23:00:00
EVS-0000071,VEH-00064,CLI-0014,CHG-00123,CHGSYN417137,MTR-000025,2026-03-19T15:00:00,2026-03-19T17:12:00,Home,Type 2,Off Peak,Synthetic Charge Network A,68.95,34.68,Pending,2026-03-19T15:00:00,2026-03-19T15:00:00
EVS-0000072,VEH-00037,CLI-0001,CHG-00069,CHGSYN538732,MTR-000198,2025-07-11T06:00:00,2025-07-11T09:10:00,Home,CCS2,Peak,Client Depot Charger,30.16,22.44,Rejected,2025-07-11T06:00:00,2025-07-31T06:00:00
EVS-0000073,VEH-00042,CLI-0002,CHG-00084,CHGSYN460424,MTR-000160,2025-09-08T17:00:00,2025-09-08T22:45:00,Home,CHAdeMO,Off Peak,Client Depot Charger,53.18,38.09,Matched,2025-09-08T17:00:00,2025-09-13T17:00:00
EVS-0000074,VEH-00116,CLI-0014,CHG-00133,CHGSYN980282,MTR-000029,2025-06-19T11:00:00,2025-06-19T14:40:00,Workplace,CCS2,Peak,Synthetic Charge Network A,72.59,37.84,Matched,2025-06-19T11:00:00,2025-07-07T11:00:00
EVS-0000075,VEH-00050,CLI-0001,CHG-00024,CHGSYN674338,MTR-000184,2026-01-26T18:00:00,2026-01-27T00:59:00,Home,CHAdeMO,Flat,Synthetic Charge Network A,27.15,20.58,Matched,2026-01-26T18:00:00,2026-02-03T18:00:00
EVS-0000076,VEH-00080,CLI-0008,CHG-00045,CHGSYN426900,MTR-000041,2025-03-07T22:00:00,2025-03-07T23:20:00,Public,CHAdeMO,Demand,Client Depot Charger,18.86,13.03,Matched,2025-03-07T22:00:00,2025-03-25T22:00:00
EVS-0000077,VEH-00029,CLI-0018,CHG-00040,CHGSYN595118,MTR-000050,2025-09-21T10:00:00,2025-09-21T12:59:00,Home,Type 2,Off Peak,Client Depot Charger,17.79,7.91,Pending,2025-09-21T10:00:00,2025-09-28T10:00:00
EVS-0000078,VEH-00021,CLI-0018,CHG-00093,CHGSYN305287,MTR-000218,2025-11-25T11:00:00,2025-11-25T11:55:00,Home,CCS2,Peak,Synthetic Charge Network A,28.6,9.33,Rejected,2025-11-25T11:00:00,2025-12-04T11:00:00
EVS-0000079,VEH-00003,CLI-0013,CHG-00026,CHGSYN149757,MTR-000158,2025-09-30T02:00:00,2025-09-30T08:47:00,Workplace,CCS2,Off Peak,Client Depot Charger,36.59,23.78,Rejected,2025-09-30T02:00:00,2025-10-14T02:00:00
EVS-0000080,VEH-00090,CLI-0008,CHG-00061,CHGSYN885710,MTR-000205,2025-12-29T13:00:00,2025-12-29T16:04:00,Public,CCS2,Flat,Client Depot Charger,56.42,35.85,Pending,2025-12-29T13:00:00,2026-01-17T13:00:00
EVS-0000081,VEH-00124,CLI-0007,CHG-00069,CHGSYN457819,MTR-000040,2025-07-28T19:00:00,2025-07-28T19:56:00,Workplace,CCS2,Flat,Client Depot Charger,12.68,9.31,Matched,2025-07-28T19:00:00,2025-07-28T19:00:00
EVS-0000082,VEH-00091,CLI-0015,CHG-00098,CHGSYN771839,MTR-000098,2026-04-15T22:00:00,2026-04-16T04:21:00,Home,Type 2,Flat,Client Depot Charger,72.08,45.19,Pending,2026-04-15T22:00:00,2026-04-20T22:00:00
EVS-0000083,VEH-00144,CLI-0017,CHG-00032,CHGSYN524146,MTR-000138,2026-02-14T23:00:00,2026-02-15T00:40:00,Workplace,CHAdeMO,Peak,Synthetic Charge Network A,23.0,13.91,Client Paid,2026-02-14T23:00:00,2026-02-25T23:00:00
EVS-0000084,VEH-00134,CLI-0004,CHG-00098,CHGSYN253103,MTR-000008,2025-11-29T12:00:00,2025-11-29T16:58:00,Depot,CHAdeMO,Off Peak,Synthetic Charge Network B,33.34,18.03,Matched,2025-11-29T12:00:00,2025-11-29T12:00:00
EVS-0000085,VEH-00003,CLI-0013,CHG-00091,CHGSYN616189,MTR-000034,2025-04-28T04:00:00,2025-04-28T10:57:00,Depot,CHAdeMO,Demand,Synthetic Charge Network A,29.48,18.1,Pending,2025-04-28T04:00:00,2025-05-02T04:00:00
EVS-0000086,VEH-00007,CLI-0016,CHG-00119,CHGSYN986345,MTR-000069,2025-11-27T21:00:00,2025-11-28T02:14:00,Public,CHAdeMO,Demand,Client Depot Charger,9.17,2.68,Pending,2025-11-27T21:00:00,2025-12-14T21:00:00
EVS-0000087,VEH-00102,CLI-0008,CHG-00090,CHGSYN192665,MTR-000076,2025-03-16T19:00:00,2025-03-16T22:19:00,Depot,CHAdeMO,Flat,Synthetic Charge Network B,69.87,41.86,Matched,2025-03-16T19:00:00,2025-03-20T19:00:00
EVS-0000088,VEH-00131,CLI-0003,CHG-00098,CHGSYN146051,MTR-000074,2025-07-24T00:00:00,2025-07-24T05:10:00,Home,Type 2,Peak,Synthetic Charge Network B,70.45,16.0,Rejected,2025-07-24T00:00:00,2025-08-02T00:00:00
EVS-0000089,VEH-00104,CLI-0017,CHG-00088,CHGSYN143681,MTR-000184,2026-05-04T12:00:00,2026-05-04T17:24:00,Home,CCS2,Flat,Client Depot Charger,23.92,11.99,Rejected,2026-05-04T12:00:00,2026-05-17T12:00:00
EVS-0000090,VEH-00085,CLI-0005,CHG-00010,CHGSYN198323,MTR-000100,2025-05-13T06:00:00,2025-05-13T09:16:00,Public,CCS2,Peak,Synthetic Charge Network A,71.48,36.33,Client Paid,2025-05-13T06:00:00,2025-05-29T06:00:00
EVS-0000091,VEH-00111,CLI-0004,CHG-00098,CHGSYN464479,MTR-000109,2025-08-15T23:00:00,2025-08-16T05:24:00,Depot,Type 2,Peak,Synthetic Charge Network B,69.02,40.65,Matched,2025-08-15T23:00:00,2025-08-28T23:00:00
EVS-0000092,VEH-00135,CLI-0006,CHG-00006,CHGSYN192467,MTR-000026,2026-04-20T04:00:00,2026-04-20T10:40:00,Depot,CHAdeMO,Demand,Synthetic Charge Network A,14.7,10.83,Client Paid,2026-04-20T04:00:00,2026-05-08T04:00:00
EVS-0000093,VEH-00059,CLI-0007,CHG-00004,CHGSYN324729,MTR-000131,2025-08-17T02:00:00,2025-08-17T02:36:00,Depot,CCS2,Flat,Client Depot Charger,51.25,32.23,Rejected,2025-08-17T02:00:00,2025-08-24T02:00:00
EVS-0000094,VEH-00119,CLI-0008,CHG-00075,CHGSYN423003,MTR-000019,2026-01-03T18:00:00,2026-01-03T23:29:00,Home,CCS2,Demand,Client Depot Charger,17.46,10.99,Rejected,2026-01-03T18:00:00,2026-01-10T18:00:00
EVS-0000095,VEH-00064,CLI-0014,CHG-00092,CHGSYN197492,MTR-000189,2025-10-15T07:00:00,2025-10-15T10:57:00,Workplace,Type 2,Flat,Client Depot Charger,35.95,14.58,Pending,2025-10-15T07:00:00,2025-10-19T07:00:00
EVS-0000096,VEH-00138,CLI-0016,CHG-00066,CHGSYN635332,MTR-000195,2025-09-10T00:00:00,2025-09-10T04:52:00,Workplace,CHAdeMO,Demand,Synthetic Charge Network B,55.65,24.09,Pending,2025-09-10T00:00:00,2025-09-28T00:00:00
EVS-0000097,VEH-00042,CLI-0002,CHG-00137,CHGSYN795782,MTR-000048,2025-12-06T21:00:00,2025-12-06T22:49:00,Depot,CHAdeMO,Flat,Synthetic Charge Network A,30.99,15.96,Pending,2025-12-06T21:00:00,2025-12-13T21:00:00
EVS-0000098,VEH-00078,CLI-0003,CHG-00132,CHGSYN459502,MTR-000110,2025-08-12T16:00:00,2025-08-12T21:02:00,Public,CHAdeMO,Demand,Synthetic Charge Network B,20.26,14.74,Client Paid,2025-08-12T16:00:00,2025-08-28T16:00:00
EVS-0000099,VEH-00005,CLI-0010,CHG-00083,CHGSYN940654,MTR-000142,2025-07-24T08:00:00,2025-07-24T10:20:00,Workplace,CCS2,Off Peak,Client Depot Charger,47.54,19.12,Client Paid,2025-07-24T08:00:00,2025-08-03T08:00:00
EVS-0000100,VEH-00037,CLI-0001,CHG-00052,CHGSYN185103,MTR-000123,2025-07-02T20:00:00,2025-07-02T23:13:00,Public,CHAdeMO,Off Peak,Client Depot Charger,11.4,6.52,Client Paid,2025-07-02T20:00:00,2025-07-10T20:00:00
EVS-0000101,VEH-00114,CLI-0001,CHG-00023,CHGSYN819146,MTR-000017,2026-05-10T08:00:00,2026-05-10T14:29:00,Public,CHAdeMO,Demand,Client Depot Charger,54.18,38.84,Pending,2026-05-10T08:00:00,2026-05-23T08:00:00
EVS-0000102,VEH-00098,CLI-0012,CHG-00031,CHGSYN928279,MTR-000158,2025-03-03T23:00:00,2025-03-04T04:44:00,Workplace,CCS2,Off Peak,Synthetic Charge Network B,27.98,9.67,Client Paid,2025-03-03T23:00:00,2025-03-14T23:00:00
EVS-0000103,VEH-00065,CLI-0002,CHG-00112,CHGSYN425772,MTR-000029,2025-07-03T20:00:00,2025-07-04T01:41:00,Workplace,CCS2,Demand,Synthetic Charge Network A,10.89,8.1,Matched,2025-07-03T20:00:00,2025-07-04T20:00:00
EVS-0000104,VEH-00120,CLI-0003,CHG-00130,CHGSYN957920,MTR-000048,2025-06-29T23:00:00,2025-06-29T23:59:00,Home,CCS2,Peak,Synthetic Charge Network A,70.97,19.03,Rejected,2025-06-29T23:00:00,2025-07-17T23:00:00
EVS-0000105,VEH-00103,CLI-0003,CHG-00072,CHGSYN251606,MTR-000033,2025-03-21T05:00:00,2025-03-21T09:56:00,Public,CHAdeMO,Peak,Synthetic Charge Network B,50.35,32.85,Pending,2025-03-21T05:00:00,2025-04-05T05:00:00
EVS-0000106,VEH-00079,CLI-0005,CHG-00134,CHGSYN903515,MTR-000066,2025-01-25T18:00:00,2025-01-25T22:11:00,Home,Type 2,Flat,Synthetic Charge Network B,33.89,7.61,Pending,2025-01-25T18:00:00,2025-01-31T18:00:00
EVS-0000107,VEH-00063,CLI-0016,CHG-00057,CHGSYN559940,MTR-000192,2025-02-06T10:00:00,2025-02-06T12:31:00,Public,CHAdeMO,Demand,Synthetic Charge Network B,43.64,33.72,Client Paid,2025-02-06T10:00:00,2025-02-09T10:00:00
EVS-0000108,VEH-00074,CLI-0018,CHG-00005,CHGSYN461811,MTR-000063,2025-05-20T13:00:00,2025-05-20T18:27:00,Depot,CCS2,Flat,Client Depot Charger,28.19,20.26,Client Paid,2025-05-20T13:00:00,2025-05-28T13:00:00
EVS-0000109,VEH-00086,CLI-0013,CHG-00035,CHGSYN150413,MTR-000162,2025-03-12T15:00:00,2025-03-12T18:18:00,Depot,CCS2,Off Peak,Client Depot Charger,49.04,26.54,Matched,2025-03-12T15:00:00,2025-03-31T15:00:00
EVS-0000110,VEH-00149,CLI-0013,CHG-00105,CHGSYN566036,MTR-000190,2025-09-29T11:00:00,2025-09-29T16:48:00,Depot,CHAdeMO,Off Peak,Client Depot Charger,16.41,4.0,Matched,2025-09-29T11:00:00,2025-10-10T11:00:00
EVS-0000111,VEH-00070,CLI-0014,CHG-00056,CHGSYN684143,MTR-000063,2026-03-12T20:00:00,2026-03-12T20:38:00,Workplace,CCS2,Off Peak,Synthetic Charge Network B,55.14,29.08,Matched,2026-03-12T20:00:00,2026-03-17T20:00:00
EVS-0000112,VEH-00080,CLI-0008,CHG-00095,CHGSYN516981,MTR-000123,2025-05-14T06:00:00,2025-05-14T11:56:00,Public,CCS2,Demand,Synthetic Charge Network A,18.4,8.64,Matched,2025-05-14T06:00:00,2025-05-29T06:00:00
EVS-0000113,VEH-00072,CLI-0014,CHG-00026,CHGSYN736642,MTR-000130,2026-02-05T18:00:00,2026-02-05T19:01:00,Workplace,CCS2,Off Peak,Synthetic Charge Network B,11.59,2.99,Rejected,2026-02-05T18:00:00,2026-02-14T18:00:00
EVS-0000114,VEH-00028,CLI-0001,CHG-00087,CHGSYN316015,MTR-000173,2025-11-06T05:00:00,2025-11-06T06:19:00,Workplace,CCS2,Peak,Client Depot Charger,59.96,38.69,Pending,2025-11-06T05:00:00,2025-11-22T05:00:00
EVS-0000115,VEH-00135,CLI-0006,CHG-00070,CHGSYN561347,MTR-000114,2025-10-20T15:00:00,2025-10-20T19:10:00,Public,CCS2,Off Peak,Client Depot Charger,28.87,20.87,Client Paid,2025-10-20T15:00:00,2025-10-20T15:00:00
EVS-0000116,VEH-00077,CLI-0009,CHG-00068,CHGSYN780150,MTR-000204,2026-01-07T19:00:00,2026-01-08T01:30:00,Depot,CHAdeMO,Off Peak,Synthetic Charge Network A,28.18,21.73,Client Paid,2026-01-07T19:00:00,2026-01-24T19:00:00
EVS-0000117,VEH-00103,CLI-0003,CHG-00106,CHGSYN939598,MTR-000145,2025-02-22T10:00:00,2025-02-22T11:57:00,Depot,CHAdeMO,Flat,Client Depot Charger,50.69,18.69,Matched,2025-02-22T10:00:00,2025-03-09T10:00:00
EVS-0000118,VEH-00086,CLI-0013,CHG-00077,CHGSYN218020,MTR-000089,2025-12-22T07:00:00,2025-12-22T09:15:00,Public,CHAdeMO,Demand,Synthetic Charge Network B,70.37,20.41,Matched,2025-12-22T07:00:00,2026-01-12T07:00:00
EVS-0000119,VEH-00015,CLI-0013,CHG-00065,CHGSYN584802,MTR-000117,2026-05-02T10:00:00,2026-05-02T12:25:00,Public,CHAdeMO,Off Peak,Synthetic Charge Network A,13.47,7.96,Rejected,2026-05-02T10:00:00,2026-05-19T10:00:00
EVS-0000120,VEH-00104,CLI-0017,CHG-00120,CHGSYN624792,MTR-000087,2025-06-30T11:00:00,2025-06-30T14:53:00,Public,Type 2,Peak,Synthetic Charge Network B,15.08,5.6,Client Paid,2025-06-30T11:00:00,2025-07-09T11:00:00
EVS-0000121,VEH-00028,CLI-0001,CHG-00096,CHGSYN590306,MTR-000055,2025-06-18T20:00:00,2025-06-19T01:45:00,Public,Type 2,Peak,Synthetic Charge Network A,32.76,17.05,Rejected,2025-06-18T20:00:00,2025-06-29T20:00:00
EVS-0000122,VEH-00116,CLI-0014,CHG-00089,CHGSYN609591,MTR-000192,2026-02-01T21:00:00,2026-02-02T02:34:00,Public,CCS2,Off Peak,Client Depot Charger,7.2,1.98,Client Paid,2026-02-01T21:00:00,2026-02-13T21:00:00
EVS-0000123,VEH-00013,CLI-0015,CHG-00068,CHGSYN758578,MTR-000164,2026-04-05T16:00:00,2026-04-05T17:28:00,Depot,CCS2,Peak,Synthetic Charge Network A,16.57,5.62,Rejected,2026-04-05T16:00:00,2026-04-19T16:00:00
EVS-0000124,VEH-00002,CLI-0005,CHG-00065,CHGSYN519899,MTR-000207,2025-08-27T03:00:00,2025-08-27T08:31:00,Workplace,CHAdeMO,Flat,Synthetic Charge Network B,26.44,16.62,Client Paid,2025-08-27T03:00:00,2025-09-17T03:00:00
EVS-0000125,VEH-00124,CLI-0007,CHG-00063,CHGSYN404974,MTR-000032,2026-02-19T22:00:00,2026-02-20T03:12:00,Public,CHAdeMO,Off Peak,Client Depot Charger,39.26,16.11,Matched,2026-02-19T22:00:00,2026-03-07T22:00:00
EVS-0000126,VEH-00049,CLI-0009,CHG-00104,CHGSYN138880,MTR-000032,2025-05-26T11:00:00,2025-05-26T15:24:00,Home,Type 2,Demand,Synthetic Charge Network A,39.95,9.22,Client Paid,2025-05-26T11:00:00,2025-06-06T11:00:00
EVS-0000127,VEH-00128,CLI-0005,CHG-00027,CHGSYN559621,MTR-000192,2025-12-04T01:00:00,2025-12-04T01:46:00,Workplace,CCS2,Off Peak,Client Depot Charger,52.09,12.44,Client Paid,2025-12-04T01:00:00,2025-12-23T01:00:00
EVS-0000128,VEH-00043,CLI-0013,CHG-00026,CHGSYN517195,MTR-000181,2025-06-10T10:00:00,2025-06-10T11:47:00,Home,CHAdeMO,Off Peak,Client Depot Charger,70.2,47.31,Pending,2025-06-10T10:00:00,2025-07-01T10:00:00
EVS-0000129,VEH-00116,CLI-0014,CHG-00109,CHGSYN566794,MTR-000103,2026-04-18T18:00:00,2026-04-19T00:14:00,Depot,CCS2,Peak,Synthetic Charge Network B,58.4,28.77,Pending,2026-04-18T18:00:00,2026-04-29T18:00:00
EVS-0000130,VEH-00146,CLI-0013,CHG-00105,CHGSYN147684,MTR-000126,2025-12-27T16:00:00,2025-12-27T16:57:00,Workplace,Type 2,Peak,Client Depot Charger,60.1,31.34,Rejected,2025-12-27T16:00:00,2025-12-29T16:00:00
EVS-0000131,VEH-00049,CLI-0009,CHG-00050,CHGSYN741824,MTR-000002,2025-06-26T03:00:00,2025-06-26T04:06:00,Public,Type 2,Flat,Client Depot Charger,21.67,10.45,Rejected,2025-06-26T03:00:00,2025-07-01T03:00:00
EVS-0000132,VEH-00108,CLI-0009,CHG-00059,CHGSYN553208,MTR-000104,2026-05-15T19:00:00,2026-05-16T01:12:00,Depot,CCS2,Demand,Client Depot Charger,49.2,32.09,Client Paid,2026-05-15T19:00:00,2026-05-29T19:00:00
EVS-0000133,VEH-00018,CLI-0008,CHG-00006,CHGSYN305538,MTR-000181,2025-05-18T16:00:00,2025-05-18T22:09:00,Home,CHAdeMO,Flat,Synthetic Charge Network B,70.65,42.19,Pending,2025-05-18T16:00:00,2025-05-29T16:00:00
EVS-0000134,VEH-00131,CLI-0003,CHG-00040,CHGSYN508768,MTR-000212,2025-07-06T17:00:00,2025-07-06T17:40:00,Depot,CCS2,Peak,Client Depot Charger,35.71,16.16,Client Paid,2025-07-06T17:00:00,2025-07-24T17:00:00
EVS-0000135,VEH-00056,CLI-0014,CHG-00037,CHGSYN631187,MTR-000196,2026-02-14T02:00:00,2026-02-14T06:55:00,Workplace,CCS2,Flat,Synthetic Charge Network A,54.11,36.46,Pending,2026-02-14T02:00:00,2026-02-20T02:00:00
EVS-0000136,VEH-00042,CLI-0002,CHG-00043,CHGSYN437925,MTR-000041,2025-11-17T21:00:00,2025-11-18T00:41:00,Home,Type 2,Demand,Client Depot Charger,11.14,5.86,Pending,2025-11-17T21:00:00,2025-11-27T21:00:00
EVS-0000137,VEH-00129,CLI-0017,CHG-00116,CHGSYN376935,MTR-000162,2025-07-21T10:00:00,2025-07-21T15:50:00,Public,CCS2,Off Peak,Client Depot Charger,64.83,22.06,Rejected,2025-07-21T10:00:00,2025-08-11T10:00:00
EVS-0000138,VEH-00065,CLI-0002,CHG-00029,CHGSYN646068,MTR-000025,2026-04-19T02:00:00,2026-04-19T08:20:00,Public,Type 2,Peak,Synthetic Charge Network B,25.05,18.44,Pending,2026-04-19T02:00:00,2026-05-05T02:00:00
EVS-0000139,VEH-00005,CLI-0010,CHG-00053,CHGSYN679460,MTR-000212,2025-03-15T01:00:00,2025-03-15T06:59:00,Home,CHAdeMO,Peak,Synthetic Charge Network B,52.73,36.33,Client Paid,2025-03-15T01:00:00,2025-03-31T01:00:00
EVS-0000140,VEH-00063,CLI-0016,CHG-00128,CHGSYN184170,MTR-000067,2025-10-02T08:00:00,2025-10-02T11:43:00,Depot,Type 2,Flat,Synthetic Charge Network A,59.06,21.63,Pending,2025-10-02T08:00:00,2025-10-08T08:00:00
EVS-0000141,VEH-00054,CLI-0015,CHG-00025,CHGSYN216698,MTR-000048,2026-05-15T01:00:00,2026-05-15T05:14:00,Depot,CHAdeMO,Peak,Synthetic Charge Network B,28.01,6.34,Matched,2026-05-15T01:00:00,2026-05-31T01:00:00
EVS-0000142,VEH-00104,CLI-0017,CHG-00120,CHGSYN606362,MTR-000012,2025-07-22T09:00:00,2025-07-22T15:42:00,Home,CCS2,Demand,Synthetic Charge Network B,65.73,18.45,Pending,2025-07-22T09:00:00,2025-08-05T09:00:00
EVS-0000143,VEH-00079,CLI-0005,CHG-00001,CHGSYN606653,MTR-000108,2025-11-06T11:00:00,2025-11-06T17:02:00,Workplace,CHAdeMO,Flat,Client Depot Charger,15.82,7.17,Matched,2025-11-06T11:00:00,2025-11-21T11:00:00
EVS-0000144,VEH-00037,CLI-0001,CHG-00133,CHGSYN513927,MTR-000144,2025-10-07T16:00:00,2025-10-07T16:53:00,Public,Type 2,Demand,Client Depot Charger,8.84,3.05,Pending,2025-10-07T16:00:00,2025-10-28T16:00:00
EVS-0000145,VEH-00041,CLI-0005,CHG-00085,CHGSYN934504,MTR-000103,2025-06-02T20:00:00,2025-06-02T22:39:00,Workplace,CCS2,Off Peak,Synthetic Charge Network A,32.32,17.77,Matched,2025-06-02T20:00:00,2025-06-14T20:00:00
EVS-0000146,VEH-00011,CLI-0016,CHG-00060,CHGSYN738819,MTR-000175,2026-04-09T21:00:00,2026-04-09T21:38:00,Workplace,CCS2,Flat,Client Depot Charger,27.96,17.41,Client Paid,2026-04-09T21:00:00,2026-04-29T21:00:00
EVS-0000147,VEH-00003,CLI-0013,CHG-00030,CHGSYN839421,MTR-000153,2025-03-08T10:00:00,2025-03-08T14:18:00,Home,Type 2,Flat,Client Depot Charger,21.6,15.2,Matched,2025-03-08T10:00:00,2025-03-14T10:00:00
EVS-0000148,VEH-00085,CLI-0005,CHG-00101,CHGSYN587112,MTR-000003,2025-03-14T18:00:00,2025-03-14T22:24:00,Public,Type 2,Flat,Synthetic Charge Network B,73.56,54.17,Matched,2025-03-14T18:00:00,2025-04-02T18:00:00
EVS-0000149,VEH-00054,CLI-0015,CHG-00036,CHGSYN918894,MTR-000088,2025-07-23T23:00:00,2025-07-24T00:55:00,Workplace,Type 2,Peak,Synthetic Charge Network A,49.36,13.98,Matched,2025-07-23T23:00:00,2025-08-09T23:00:00
EVS-0000150,VEH-00111,CLI-0004,CHG-00132,CHGSYN110972,MTR-000037,2026-02-10T08:00:00,2026-02-10T13:36:00,Depot,Type 2,Off Peak,Client Depot Charger,36.97,12.91,Rejected,2026-02-10T08:00:00,2026-02-16T08:00:00
EVS-0000151,VEH-00148,CLI-0005,CHG-00002,CHGSYN528084,MTR-000093,2025-11-24T02:00:00,2025-11-24T06:17:00,Depot,CCS2,Flat,Synthetic Charge Network B,63.07,24.88,Rejected,2025-11-24T02:00:00,2025-12-06T02:00:00
EVS-0000152,VEH-00121,CLI-0011,CHG-00089,CHGSYN228049,MTR-000007,2025-12-20T22:00:00,2025-12-20T23:51:00,Home,CCS2,Flat,Synthetic Charge Network A,20.8,6.33,Pending,2025-12-20T22:00:00,2025-12-26T22:00:00
EVS-0000153,VEH-00023,CLI-0002,CHG-00124,CHGSYN693768,MTR-000149,2025-07-08T16:00:00,2025-07-08T16:34:00,Depot,CCS2,Demand,Synthetic Charge Network A,44.85,22.24,Client Paid,2025-07-08T16:00:00,2025-07-10T16:00:00
EVS-0000154,VEH-00106,CLI-0017,CHG-00089,CHGSYN530760,MTR-000129,2025-04-09T01:00:00,2025-04-09T05:19:00,Home,CHAdeMO,Off Peak,Synthetic Charge Network A,53.55,15.67,Client Paid,2025-04-09T01:00:00,2025-04-09T01:00:00
EVS-0000155,VEH-00071,CLI-0006,CHG-00139,CHGSYN948456,MTR-000060,2025-07-20T08:00:00,2025-07-20T14:57:00,Public,Type 2,Peak,Synthetic Charge Network B,12.34,5.38,Rejected,2025-07-20T08:00:00,2025-07-23T08:00:00
EVS-0000156,VEH-00119,CLI-0008,CHG-00118,CHGSYN587365,MTR-000171,2026-03-03T12:00:00,2026-03-03T16:11:00,Home,Type 2,Demand,Synthetic Charge Network B,36.84,12.74,Rejected,2026-03-03T12:00:00,2026-03-23T12:00:00
EVS-0000157,VEH-00124,CLI-0007,CHG-00060,CHGSYN983696,MTR-000021,2025-08-21T21:00:00,2025-08-22T02:55:00,Workplace,Type 2,Flat,Synthetic Charge Network A,60.33,20.9,Rejected,2025-08-21T21:00:00,2025-09-08T21:00:00
EVS-0000158,VEH-00091,CLI-0015,CHG-00116,CHGSYN449522,MTR-000194,2026-01-05T23:00:00,2026-01-06T03:43:00,Public,CCS2,Flat,Synthetic Charge Network A,56.89,22.14,Rejected,2026-01-05T23:00:00,2026-01-22T23:00:00
EVS-0000159,VEH-00013,CLI-0015,CHG-00056,CHGSYN984680,MTR-000030,2025-12-25T14:00:00,2025-12-25T19:05:00,Home,CCS2,Demand,Synthetic Charge Network A,45.89,32.11,Rejected,2025-12-25T14:00:00,2025-12-30T14:00:00
EVS-0000160,VEH-00104,CLI-0017,CHG-00093,CHGSYN957345,MTR-000149,2025-11-01T18:00:00,2025-11-02T00:35:00,Public,CCS2,Demand,Synthetic Charge Network A,9.5,2.65,Matched,2025-11-01T18:00:00,2025-11-16T18:00:00
EVS-0000161,VEH-00121,CLI-0011,CHG-00093,CHGSYN404013,MTR-000173,2025-06-07T14:00:00,2025-06-07T20:48:00,Public,CCS2,Off Peak,Synthetic Charge Network B,38.14,11.59,Client Paid,2025-06-07T14:00:00,2025-06-11T14:00:00
EVS-0000162,VEH-00042,CLI-0002,CHG-00076,CHGSYN631533,MTR-000087,2025-10-23T06:00:00,2025-10-23T08:45:00,Home,Type 2,Flat,Client Depot Charger,32.34,16.31,Client Paid,2025-10-23T06:00:00,2025-11-08T06:00:00
EVS-0000163,VEH-00074,CLI-0018,CHG-00098,CHGSYN858712,MTR-000152,2025-01-06T13:00:00,2025-01-06T19:41:00,Depot,CHAdeMO,Demand,Synthetic Charge Network A,56.43,19.32,Pending,2025-01-06T13:00:00,2025-01-19T13:00:00
EVS-0000164,VEH-00116,CLI-0014,CHG-00113,CHGSYN578376,MTR-000113,2025-11-16T14:00:00,2025-11-16T19:33:00,Public,CCS2,Flat,Client Depot Charger,38.39,12.86,Client Paid,2025-11-16T14:00:00,2025-11-20T14:00:00
EVS-0000165,VEH-00079,CLI-0005,CHG-00048,CHGSYN881639,MTR-000207,2025-08-28T18:00:00,2025-08-29T00:56:00,Workplace,Type 2,Flat,Synthetic Charge Network A,21.15,15.86,Pending,2025-08-28T18:00:00,2025-09-08T18:00:00
EVS-0000166,VEH-00033,CLI-0006,CHG-00045,CHGSYN296536,MTR-000170,2025-11-02T13:00:00,2025-11-02T13:44:00,Workplace,CHAdeMO,Peak,Synthetic Charge Network B,14.84,4.94,Pending,2025-11-02T13:00:00,2025-11-08T13:00:00
EVS-0000167,VEH-00148,CLI-0005,CHG-00037,CHGSYN326151,MTR-000158,2025-05-04T01:00:00,2025-05-04T06:29:00,Depot,CCS2,Off Peak,Synthetic Charge Network B,70.03,16.29,Client Paid,2025-05-04T01:00:00,2025-05-04T01:00:00
EVS-0000168,VEH-00079,CLI-0005,CHG-00059,CHGSYN813085,MTR-000001,2026-05-14T08:00:00,2026-05-14T11:52:00,Public,CHAdeMO,Peak,Synthetic Charge Network A,44.49,18.28,Client Paid,2026-05-14T08:00:00,2026-05-24T08:00:00
EVS-0000169,VEH-00036,CLI-0003,CHG-00130,CHGSYN460326,MTR-000063,2025-02-16T04:00:00,2025-02-16T08:34:00,Home,Type 2,Demand,Synthetic Charge Network B,46.72,16.92,Rejected,2025-02-16T04:00:00,2025-02-25T04:00:00
EVS-0000170,VEH-00114,CLI-0001,CHG-00063,CHGSYN211813,MTR-000030,2026-04-30T10:00:00,2026-04-30T15:24:00,Home,CCS2,Peak,Synthetic Charge Network B,38.56,16.04,Rejected,2026-04-30T10:00:00,2026-05-04T10:00:00
EVS-0000171,VEH-00113,CLI-0010,CHG-00114,CHGSYN530122,MTR-000195,2025-06-15T07:00:00,2025-06-15T10:02:00,Depot,CCS2,Off Peak,Synthetic Charge Network A,60.55,29.58,Client Paid,2025-06-15T07:00:00,2025-07-02T07:00:00
EVS-0000172,VEH-00113,CLI-0010,CHG-00102,CHGSYN128744,MTR-000174,2025-08-17T17:00:00,2025-08-17T19:00:00,Home,Type 2,Peak,Synthetic Charge Network A,49.35,14.24,Matched,2025-08-17T17:00:00,2025-09-01T17:00:00
EVS-0000173,VEH-00011,CLI-0016,CHG-00084,CHGSYN687394,MTR-000103,2025-02-17T19:00:00,2025-02-17T23:00:00,Depot,CHAdeMO,Peak,Client Depot Charger,67.33,45.4,Client Paid,2025-02-17T19:00:00,2025-02-22T19:00:00
EVS-0000174,VEH-00112,CLI-0018,CHG-00020,CHGSYN363819,MTR-000206,2026-02-28T22:00:00,2026-02-28T23:48:00,Public,CHAdeMO,Off Peak,Synthetic Charge Network B,39.8,12.63,Matched,2026-02-28T22:00:00,2026-03-15T22:00:00
EVS-0000175,VEH-00144,CLI-0017,CHG-00030,CHGSYN547857,MTR-000003,2025-06-08T09:00:00,2025-06-08T11:28:00,Depot,Type 2,Flat,Synthetic Charge Network B,45.27,10.07,Rejected,2025-06-08T09:00:00,2025-06-10T09:00:00
EVS-0000176,VEH-00150,CLI-0004,CHG-00080,CHGSYN454917,MTR-000176,2025-09-27T15:00:00,2025-09-27T16:08:00,Depot,Type 2,Peak,Client Depot Charger,8.81,2.72,Matched,2025-09-27T15:00:00,2025-09-29T15:00:00
EVS-0000177,VEH-00106,CLI-0017,CHG-00018,CHGSYN517699,MTR-000071,2025-07-07T08:00:00,2025-07-07T12:59:00,Workplace,CHAdeMO,Peak,Client Depot Charger,30.54,21.51,Matched,2025-07-07T08:00:00,2025-07-08T08:00:00
EVS-0000178,VEH-00058,CLI-0018,CHG-00082,CHGSYN781819,MTR-000190,2025-03-09T14:00:00,2025-03-09T14:37:00,Home,CCS2,Peak,Synthetic Charge Network B,33.59,20.2,Client Paid,2025-03-09T14:00:00,2025-03-17T14:00:00
EVS-0000179,VEH-00059,CLI-0007,CHG-00102,CHGSYN158093,MTR-000124,2025-01-27T07:00:00,2025-01-27T12:01:00,Public,CCS2,Peak,Synthetic Charge Network A,17.62,4.01,Rejected,2025-01-27T07:00:00,2025-02-12T07:00:00
EVS-0000180,VEH-00108,CLI-0009,CHG-00056,CHGSYN517224,MTR-000137,2025-05-02T22:00:00,2025-05-03T04:30:00,Home,CCS2,Flat,Synthetic Charge Network A,15.64,11.01,Rejected,2025-05-02T22:00:00,2025-05-16T22:00:00
EVS-0000181,VEH-00125,CLI-0011,CHG-00125,CHGSYN179143,MTR-000069,2025-03-10T12:00:00,2025-03-10T18:47:00,Public,CHAdeMO,Flat,Client Depot Charger,16.44,9.46,Matched,2025-03-10T12:00:00,2025-03-13T12:00:00
EVS-0000182,VEH-00077,CLI-0009,CHG-00111,CHGSYN620462,MTR-000156,2025-02-24T18:00:00,2025-02-24T22:35:00,Depot,Type 2,Peak,Synthetic Charge Network B,9.01,2.35,Pending,2025-02-24T18:00:00,2025-02-25T18:00:00
EVS-0000183,VEH-00033,CLI-0006,CHG-00091,CHGSYN232464,MTR-000061,2025-03-21T17:00:00,2025-03-21T19:24:00,Depot,CHAdeMO,Demand,Synthetic Charge Network A,63.69,43.66,Pending,2025-03-21T17:00:00,2025-04-05T17:00:00
EVS-0000184,VEH-00123,CLI-0004,CHG-00027,CHGSYN460365,MTR-000138,2025-03-24T18:00:00,2025-03-24T23:51:00,Public,CCS2,Flat,Synthetic Charge Network A,29.15,13.42,Pending,2025-03-24T18:00:00,2025-04-12T18:00:00
EVS-0000185,VEH-00135,CLI-0006,CHG-00043,CHGSYN120339,MTR-000202,2025-05-25T19:00:00,2025-05-25T23:26:00,Public,CCS2,Off Peak,Client Depot Charger,36.17,25.36,Rejected,2025-05-25T19:00:00,2025-05-30T19:00:00
EVS-0000186,VEH-00063,CLI-0016,CHG-00106,CHGSYN266148,MTR-000099,2025-08-28T07:00:00,2025-08-28T08:34:00,Public,CHAdeMO,Flat,Client Depot Charger,44.17,32.61,Pending,2025-08-28T07:00:00,2025-08-30T07:00:00
EVS-0000187,VEH-00043,CLI-0013,CHG-00116,CHGSYN347080,MTR-000195,2025-10-22T15:00:00,2025-10-22T20:58:00,Workplace,CHAdeMO,Demand,Synthetic Charge Network B,26.43,8.36,Rejected,2025-10-22T15:00:00,2025-10-31T15:00:00
EVS-0000188,VEH-00045,CLI-0013,CHG-00088,CHGSYN419082,MTR-000160,2025-04-12T20:00:00,2025-04-13T00:24:00,Workplace,Type 2,Demand,Synthetic Charge Network B,49.2,23.96,Rejected,2025-04-12T20:00:00,2025-04-24T20:00:00
EVS-0000189,VEH-00064,CLI-0014,CHG-00012,CHGSYN975474,MTR-000041,2025-09-23T21:00:00,2025-09-24T02:42:00,Home,Type 2,Off Peak,Client Depot Charger,21.15,12.32,Rejected,2025-09-23T21:00:00,2025-09-27T21:00:00
EVS-0000190,VEH-00062,CLI-0010,CHG-00013,CHGSYN756916,MTR-000008,2026-03-19T13:00:00,2026-03-19T19:37:00,Home,CHAdeMO,Off Peak,Synthetic Charge Network A,38.02,21.17,Client Paid,2026-03-19T13:00:00,2026-03-30T13:00:00
EVS-0000191,VEH-00104,CLI-0017,CHG-00074,CHGSYN275943,MTR-000104,2025-08-01T04:00:00,2025-08-01T07:43:00,Depot,Type 2,Off Peak,Synthetic Charge Network B,21.51,11.88,Matched,2025-08-01T04:00:00,2025-08-08T04:00:00
EVS-0000192,VEH-00090,CLI-0008,CHG-00022,CHGSYN852701,MTR-000069,2025-04-29T01:00:00,2025-04-29T06:50:00,Home,Type 2,Off Peak,Synthetic Charge Network A,59.17,28.48,Matched,2025-04-29T01:00:00,2025-05-02T01:00:00
EVS-0000193,VEH-00101,CLI-0005,CHG-00080,CHGSYN169031,MTR-000067,2025-04-04T12:00:00,2025-04-04T16:39:00,Public,CCS2,Flat,Synthetic Charge Network A,18.54,10.66,Rejected,2025-04-04T12:00:00,2025-04-08T12:00:00
EVS-0000194,VEH-00128,CLI-0005,CHG-00136,CHGSYN872760,MTR-000070,2025-04-22T10:00:00,2025-04-22T14:17:00,Public,Type 2,Peak,Client Depot Charger,60.21,31.41,Pending,2025-04-22T10:00:00,2025-05-12T10:00:00
EVS-0000195,VEH-00070,CLI-0014,CHG-00124,CHGSYN925771,MTR-000123,2025-12-17T13:00:00,2025-12-17T14:10:00,Public,Type 2,Flat,Synthetic Charge Network A,47.92,15.0,Pending,2025-12-17T13:00:00,2025-12-26T13:00:00
EVS-0000196,VEH-00102,CLI-0008,CHG-00084,CHGSYN111112,MTR-000011,2025-05-01T12:00:00,2025-05-01T18:36:00,Depot,Type 2,Flat,Client Depot Charger,55.54,13.4,Matched,2025-05-01T12:00:00,2025-05-14T12:00:00
EVS-0000197,VEH-00063,CLI-0016,CHG-00080,CHGSYN415732,MTR-000038,2025-07-28T02:00:00,2025-07-28T06:19:00,Workplace,Type 2,Off Peak,Synthetic Charge Network B,63.29,23.13,Matched,2025-07-28T02:00:00,2025-08-06T02:00:00
EVS-0000198,VEH-00043,CLI-0013,CHG-00127,CHGSYN727773,MTR-000037,2025-03-05T12:00:00,2025-03-05T18:38:00,Home,CHAdeMO,Demand,Synthetic Charge Network B,49.61,37.32,Rejected,2025-03-05T12:00:00,2025-03-23T12:00:00
EVS-0000199,VEH-00050,CLI-0001,CHG-00103,CHGSYN716019,MTR-000005,2025-06-06T07:00:00,2025-06-06T09:49:00,Public,Type 2,Peak,Client Depot Charger,48.29,20.0,Client Paid,2025-06-06T07:00:00,2025-06-23T07:00:00
EVS-0000200,VEH-00149,CLI-0013,CHG-00064,CHGSYN967419,MTR-000205,2025-08-22T06:00:00,2025-08-22T10:49:00,Home,Type 2,Peak,Synthetic Charge Network A,21.13,15.7,Pending,2025-08-22T06:00:00,2025-08-30T06:00:00
EVS-0000201,VEH-00072,CLI-0014,CHG-00054,CHGSYN152925,MTR-000047,2026-04-05T21:00:00,2026-04-05T23:25:00,Workplace,CCS2,Flat,Synthetic Charge Network A,22.9,6.99,Client Paid,2026-04-05T21:00:00,2026-04-13T21:00:00
EVS-0000202,VEH-00005,CLI-0010,CHG-00049,CHGSYN849290,MTR-000210,2025-10-03T11:00:00,2025-10-03T15:22:00,Depot,Type 2,Peak,Synthetic Charge Network A,49.08,20.33,Rejected,2025-10-03T11:00:00,2025-10-05T11:00:00
EVS-0000203,VEH-00086,CLI-0013,CHG-00084,CHGSYN200492,MTR-000210,2025-05-08T04:00:00,2025-05-08T04:42:00,Workplace,CHAdeMO,Flat,Synthetic Charge Network B,9.28,6.96,Rejected,2025-05-08T04:00:00,2025-05-25T04:00:00
EVS-0000204,VEH-00108,CLI-0009,CHG-00014,CHGSYN386662,MTR-000039,2025-10-28T08:00:00,2025-10-28T09:45:00,Public,CCS2,Demand,Synthetic Charge Network B,9.68,2.52,Pending,2025-10-28T08:00:00,2025-11-08T08:00:00
EVS-0000205,VEH-00078,CLI-0003,CHG-00060,CHGSYN635499,MTR-000206,2025-03-09T10:00:00,2025-03-09T10:46:00,Workplace,CHAdeMO,Flat,Client Depot Charger,64.2,17.4,Pending,2025-03-09T10:00:00,2025-03-20T10:00:00
EVS-0000206,VEH-00005,CLI-0010,CHG-00080,CHGSYN740931,MTR-000066,2026-01-16T07:00:00,2026-01-16T13:58:00,Home,CHAdeMO,Demand,Synthetic Charge Network A,29.75,12.1,Client Paid,2026-01-16T07:00:00,2026-01-26T07:00:00
EVS-0000207,VEH-00076,CLI-0001,CHG-00111,CHGSYN936283,MTR-000060,2025-03-04T12:00:00,2025-03-04T13:56:00,Depot,CCS2,Demand,Synthetic Charge Network A,39.74,9.13,Client Paid,2025-03-04T12:00:00,2025-03-07T12:00:00
EVS-0000208,VEH-00090,CLI-0008,CHG-00138,CHGSYN789054,MTR-000094,2026-03-13T02:00:00,2026-03-13T08:34:00,Workplace,Type 2,Off Peak,Synthetic Charge Network A,15.12,3.4,Matched,2026-03-13T02:00:00,2026-03-27T02:00:00
EVS-0000209,VEH-00097,CLI-0012,CHG-00075,CHGSYN261315,MTR-000015,2025-06-10T01:00:00,2025-06-10T04:08:00,Workplace,CHAdeMO,Off Peak,Client Depot Charger,69.89,40.9,Client Paid,2025-06-10T01:00:00,2025-06-24T01:00:00
EVS-0000210,VEH-00020,CLI-0018,CHG-00109,CHGSYN125143,MTR-000130,2025-12-18T06:00:00,2025-12-18T06:49:00,Home,Type 2,Flat,Synthetic Charge Network A,26.81,19.66,Client Paid,2025-12-18T06:00:00,2025-12-21T06:00:00
EVS-0000211,VEH-00015,CLI-0013,CHG-00125,CHGSYN971427,MTR-000132,2025-11-04T04:00:00,2025-11-04T08:56:00,Home,CHAdeMO,Peak,Synthetic Charge Network A,55.82,21.07,Client Paid,2025-11-04T04:00:00,2025-11-25T04:00:00
EVS-0000212,VEH-00030,CLI-0011,CHG-00134,CHGSYN219413,MTR-000105,2025-05-05T17:00:00,2025-05-05T21:48:00,Workplace,CHAdeMO,Off Peak,Synthetic Charge Network A,32.24,16.62,Rejected,2025-05-05T17:00:00,2025-05-18T17:00:00
EVS-0000213,VEH-00125,CLI-0011,CHG-00010,CHGSYN792939,MTR-000152,2025-06-29T20:00:00,2025-06-29T23:43:00,Public,CCS2,Peak,Synthetic Charge Network B,9.11,4.45,Matched,2025-06-29T20:00:00,2025-06-29T20:00:00
EVS-0000214,VEH-00104,CLI-0017,CHG-00041,CHGSYN964154,MTR-000001,2026-01-01T15:00:00,2026-01-01T21:38:00,Home,CHAdeMO,Off Peak,Synthetic Charge Network B,70.55,21.62,Pending,2026-01-01T15:00:00,2026-01-15T15:00:00
EVS-0000215,VEH-00048,CLI-0001,CHG-00120,CHGSYN640818,MTR-000058,2025-05-25T00:00:00,2025-05-25T06:40:00,Home,CHAdeMO,Peak,Synthetic Charge Network A,29.92,19.46,Client Paid,2025-05-25T00:00:00,2025-06-10T00:00:00
EVS-0000216,VEH-00125,CLI-0011,CHG-00027,CHGSYN772706,MTR-000066,2025-10-19T11:00:00,2025-10-19T14:25:00,Public,CHAdeMO,Peak,Synthetic Charge Network B,45.71,21.87,Matched,2025-10-19T11:00:00,2025-10-27T11:00:00
EVS-0000217,VEH-00080,CLI-0008,CHG-00112,CHGSYN497324,MTR-000135,2025-10-16T01:00:00,2025-10-16T05:51:00,Workplace,CCS2,Off Peak,Synthetic Charge Network A,38.69,27.33,Rejected,2025-10-16T01:00:00,2025-10-31T01:00:00
EVS-0000218,VEH-00028,CLI-0001,CHG-00111,CHGSYN147640,MTR-000090,2025-06-05T11:00:00,2025-06-05T17:10:00,Public,CCS2,Peak,Synthetic Charge Network B,11.71,4.21,Matched,2025-06-05T11:00:00,2025-06-21T11:00:00
EVS-0000219,VEH-00015,CLI-0013,CHG-00054,CHGSYN717161,MTR-000038,2025-12-02T14:00:00,2025-12-02T14:36:00,Home,Type 2,Off Peak,Client Depot Charger,68.3,46.96,Rejected,2025-12-02T14:00:00,2025-12-15T14:00:00
EVS-0000220,VEH-00071,CLI-0006,CHG-00121,CHGSYN837679,MTR-000123,2025-04-20T07:00:00,2025-04-20T11:34:00,Depot,Type 2,Peak,Synthetic Charge Network A,57.57,24.87,Client Paid,2025-04-20T07:00:00,2025-04-23T07:00:00
EVS-0000221,VEH-00124,CLI-0007,CHG-00028,CHGSYN489206,MTR-000073,2026-03-06T13:00:00,2026-03-06T18:08:00,Workplace,CHAdeMO,Peak,Synthetic Charge Network A,59.23,41.29,Pending,2026-03-06T13:00:00,2026-03-14T13:00:00
EVS-0000222,VEH-00144,CLI-0017,CHG-00075,CHGSYN453386,MTR-000083,2026-05-04T11:00:00,2026-05-04T11:40:00,Home,CCS2,Off Peak,Client Depot Charger,9.92,7.69,Matched,2026-05-04T11:00:00,2026-05-25T11:00:00
EVS-0000223,VEH-00120,CLI-0003,CHG-00127,CHGSYN520962,MTR-000162,2025-10-09T06:00:00,2025-10-09T10:22:00,Depot,CHAdeMO,Demand,Synthetic Charge Network A,45.86,18.05,Matched,2025-10-09T06:00:00,2025-10-21T06:00:00
EVS-0000224,VEH-00049,CLI-0009,CHG-00064,CHGSYN651710,MTR-000057,2026-02-13T09:00:00,2026-02-13T15:11:00,Home,Type 2,Flat,Client Depot Charger,6.9,1.82,Pending,2026-02-13T09:00:00,2026-02-23T09:00:00
EVS-0000225,VEH-00041,CLI-0005,CHG-00005,CHGSYN615604,MTR-000178,2025-11-13T07:00:00,2025-11-13T13:33:00,Public,Type 2,Demand,Client Depot Charger,47.83,25.69,Client Paid,2025-11-13T07:00:00,2025-11-23T07:00:00
EVS-0000226,VEH-00058,CLI-0018,CHG-00132,CHGSYN749275,MTR-000128,2025-07-18T04:00:00,2025-07-18T10:22:00,Depot,CCS2,Flat,Client Depot Charger,34.11,19.07,Client Paid,2025-07-18T04:00:00,2025-07-23T04:00:00
EVS-0000227,VEH-00037,CLI-0001,CHG-00104,CHGSYN158391,MTR-000002,2025-08-20T10:00:00,2025-08-20T11:52:00,Depot,Type 2,Flat,Synthetic Charge Network A,28.9,9.99,Rejected,2025-08-20T10:00:00,2025-08-21T10:00:00
EVS-0000228,VEH-00078,CLI-0003,CHG-00027,CHGSYN293412,MTR-000093,2025-08-28T14:00:00,2025-08-28T15:08:00,Public,CHAdeMO,Flat,Synthetic Charge Network B,31.99,8.87,Pending,2025-08-28T14:00:00,2025-09-13T14:00:00
EVS-0000229,VEH-00003,CLI-0013,CHG-00111,CHGSYN145554,MTR-000182,2025-07-31T12:00:00,2025-07-31T17:05:00,Home,Type 2,Peak,Client Depot Charger,28.9,8.42,Rejected,2025-07-31T12:00:00,2025-08-08T12:00:00
EVS-0000230,VEH-00106,CLI-0017,CHG-00098,CHGSYN938501,MTR-000050,2025-01-18T18:00:00,2025-01-18T22:01:00,Home,CCS2,Peak,Synthetic Charge Network B,49.17,21.58,Rejected,2025-01-18T18:00:00,2025-02-04T18:00:00
EVS-0000231,VEH-00060,CLI-0017,CHG-00038,CHGSYN267846,MTR-000205,2025-03-21T00:00:00,2025-03-21T02:40:00,Depot,CCS2,Demand,Synthetic Charge Network A,26.59,16.63,Pending,2025-03-21T00:00:00,2025-04-04T00:00:00
EVS-0000232,VEH-00053,CLI-0017,CHG-00011,CHGSYN337359,MTR-000019,2025-06-03T11:00:00,2025-06-03T12:24:00,Home,CHAdeMO,Peak,Synthetic Charge Network B,37.42,22.46,Matched,2025-06-03T11:00:00,2025-06-11T11:00:00
EVS-0000233,VEH-00033,CLI-0006,CHG-00105,CHGSYN106712,MTR-000099,2025-05-08T21:00:00,2025-05-08T22:11:00,Home,CCS2,Demand,Synthetic Charge Network A,47.09,33.39,Matched,2025-05-08T21:00:00,2025-05-11T21:00:00
EVS-0000234,VEH-00123,CLI-0004,CHG-00081,CHGSYN988142,MTR-000097,2025-11-12T04:00:00,2025-11-12T10:04:00,Depot,CCS2,Demand,Synthetic Charge Network B,60.69,32.39,Pending,2025-11-12T04:00:00,2025-11-21T04:00:00
EVS-0000235,VEH-00018,CLI-0008,CHG-00021,CHGSYN394548,MTR-000024,2025-04-23T08:00:00,2025-04-23T10:09:00,Home,CHAdeMO,Flat,Synthetic Charge Network A,71.88,53.81,Matched,2025-04-23T08:00:00,2025-05-02T08:00:00
EVS-0000236,VEH-00003,CLI-0013,CHG-00060,CHGSYN264178,MTR-000081,2025-06-25T02:00:00,2025-06-25T07:53:00,Home,CCS2,Flat,Synthetic Charge Network B,70.52,27.83,Matched,2025-06-25T02:00:00,2025-07-11T02:00:00
EVS-0000237,VEH-00077,CLI-0009,CHG-00071,CHGSYN930875,MTR-000013,2025-10-21T23:00:00,2025-10-22T02:45:00,Workplace,Type 2,Off Peak,Client Depot Charger,34.16,23.15,Client Paid,2025-10-21T23:00:00,2025-11-06T23:00:00
EVS-0000238,VEH-00049,CLI-0009,CHG-00068,CHGSYN948637,MTR-000207,2025-04-12T03:00:00,2025-04-12T06:29:00,Workplace,CCS2,Off Peak,Synthetic Charge Network B,10.71,3.11,Pending,2025-04-12T03:00:00,2025-04-26T03:00:00
EVS-0000239,VEH-00070,CLI-0014,CHG-00069,CHGSYN928961,MTR-000014,2025-08-30T19:00:00,2025-08-30T23:20:00,Public,Type 2,Peak,Synthetic Charge Network A,50.97,35.7,Client Paid,2025-08-30T19:00:00,2025-09-07T19:00:00
EVS-0000240,VEH-00056,CLI-0014,CHG-00135,CHGSYN571625,MTR-000001,2025-10-25T19:00:00,2025-10-26T00:37:00,Depot,Type 2,Flat,Client Depot Charger,48.04,16.72,Rejected,2025-10-25T19:00:00,2025-10-27T19:00:00
EVS-0000241,VEH-00044,CLI-0013,CHG-00019,CHGSYN104516,MTR-000214,2025-07-27T09:00:00,2025-07-27T12:45:00,Home,Type 2,Peak,Synthetic Charge Network B,61.48,39.66,Client Paid,2025-07-27T09:00:00,2025-08-07T09:00:00
EVS-0000242,VEH-00051,CLI-0010,CHG-00012,CHGSYN464571,MTR-000126,2025-12-26T20:00:00,2025-12-26T23:51:00,Depot,Type 2,Flat,Synthetic Charge Network A,69.94,16.44,Client Paid,2025-12-26T20:00:00,2026-01-15T20:00:00
EVS-0000243,VEH-00071,CLI-0006,CHG-00043,CHGSYN437766,MTR-000058,2026-02-07T03:00:00,2026-02-07T06:50:00,Home,CCS2,Off Peak,Synthetic Charge Network A,26.08,6.64,Client Paid,2026-02-07T03:00:00,2026-02-16T03:00:00
EVS-0000244,VEH-00112,CLI-0018,CHG-00097,CHGSYN912538,MTR-000163,2025-11-03T09:00:00,2025-11-03T14:53:00,Public,CHAdeMO,Off Peak,Client Depot Charger,33.2,8.59,Matched,2025-11-03T09:00:00,2025-11-23T09:00:00
EVS-0000245,VEH-00054,CLI-0015,CHG-00014,CHGSYN578145,MTR-000205,2025-02-24T00:00:00,2025-02-24T04:27:00,Home,Type 2,Demand,Synthetic Charge Network B,33.56,25.23,Pending,2025-02-24T00:00:00,2025-03-16T00:00:00
EVS-0000246,VEH-00104,CLI-0017,CHG-00051,CHGSYN948240,MTR-000052,2026-04-10T09:00:00,2026-04-10T09:46:00,Workplace,CHAdeMO,Flat,Synthetic Charge Network A,27.3,20.25,Matched,2026-04-10T09:00:00,2026-04-24T09:00:00
EVS-0000247,VEH-00029,CLI-0018,CHG-00014,CHGSYN138287,MTR-000072,2026-01-24T13:00:00,2026-01-24T18:43:00,Home,Type 2,Flat,Synthetic Charge Network B,45.01,17.13,Matched,2026-01-24T13:00:00,2026-02-04T13:00:00
EVS-0000248,VEH-00071,CLI-0006,CHG-00072,CHGSYN338498,MTR-000060,2025-08-05T14:00:00,2025-08-05T16:27:00,Public,CHAdeMO,Demand,Client Depot Charger,63.75,47.07,Rejected,2025-08-05T14:00:00,2025-08-10T14:00:00
EVS-0000249,VEH-00051,CLI-0010,CHG-00007,CHGSYN958305,MTR-000055,2025-02-25T15:00:00,2025-02-25T21:40:00,Depot,CCS2,Peak,Synthetic Charge Network A,44.59,31.7,Matched,2025-02-25T15:00:00,2025-03-06T15:00:00
EVS-0000250,VEH-00129,CLI-0017,CHG-00047,CHGSYN503415,MTR-000161,2025-10-27T18:00:00,2025-10-27T21:54:00,Public,Type 2,Demand,Client Depot Charger,53.24,15.04,Client Paid,2025-10-27T18:00:00,2025-11-16T18:00:00
EVS-0000251,VEH-00101,CLI-0005,CHG-00078,CHGSYN900429,MTR-000110,2025-08-21T06:00:00,2025-08-21T12:23:00,Depot,CCS2,Demand,Client Depot Charger,22.0,13.75,Pending,2025-08-21T06:00:00,2025-09-07T06:00:00
EVS-0000252,VEH-00074,CLI-0018,CHG-00063,CHGSYN976183,MTR-000160,2025-07-12T10:00:00,2025-07-12T11:46:00,Workplace,CHAdeMO,Demand,Client Depot Charger,63.51,30.09,Matched,2025-07-12T10:00:00,2025-07-20T10:00:00
EVS-0000253,VEH-00150,CLI-0004,CHG-00071,CHGSYN704511,MTR-000052,2026-04-19T07:00:00,2026-04-19T08:31:00,Workplace,CHAdeMO,Demand,Synthetic Charge Network B,11.32,8.43,Client Paid,2026-04-19T07:00:00,2026-04-19T07:00:00
EVS-0000254,VEH-00077,CLI-0009,CHG-00123,CHGSYN340119,MTR-000212,2025-11-25T03:00:00,2025-11-25T06:11:00,Workplace,CHAdeMO,Peak,Synthetic Charge Network A,30.74,21.93,Matched,2025-11-25T03:00:00,2025-12-07T03:00:00
EVS-0000255,VEH-00036,CLI-0003,CHG-00049,CHGSYN489015,MTR-000193,2025-07-21T22:00:00,2025-07-22T00:42:00,Workplace,CCS2,Demand,Synthetic Charge Network A,29.05,19.73,Client Paid,2025-07-21T22:00:00,2025-07-21T22:00:00
EVS-0000256,VEH-00029,CLI-0018,CHG-00084,CHGSYN478136,MTR-000125,2025-12-06T20:00:00,2025-12-06T20:30:00,Depot,CHAdeMO,Peak,Synthetic Charge Network B,69.83,41.23,Client Paid,2025-12-06T20:00:00,2025-12-09T20:00:00
EVS-0000257,VEH-00115,CLI-0011,CHG-00039,CHGSYN479706,MTR-000083,2025-07-23T23:00:00,2025-07-24T00:32:00,Home,CCS2,Flat,Client Depot Charger,73.02,53.84,Client Paid,2025-07-23T23:00:00,2025-07-24T23:00:00
EVS-0000258,VEH-00002,CLI-0005,CHG-00015,CHGSYN187203,MTR-000210,2025-02-11T03:00:00,2025-02-11T06:15:00,Workplace,Type 2,Demand,Synthetic Charge Network A,9.26,6.42,Client Paid,2025-02-11T03:00:00,2025-02-17T03:00:00
EVS-0000259,VEH-00119,CLI-0008,CHG-00132,CHGSYN185879,MTR-000036,2025-05-10T23:00:00,2025-05-11T00:12:00,Depot,Type 2,Flat,Client Depot Charger,23.54,14.93,Pending,2025-05-10T23:00:00,2025-05-30T23:00:00
EVS-0000260,VEH-00045,CLI-0013,CHG-00097,CHGSYN972633,MTR-000147,2025-06-05T21:00:00,2025-06-06T02:47:00,Home,CHAdeMO,Demand,Synthetic Charge Network B,42.1,12.28,Pending,2025-06-05T21:00:00,2025-06-07T21:00:00
EVS-0000261,VEH-00016,CLI-0002,CHG-00032,CHGSYN617776,MTR-000174,2025-05-15T16:00:00,2025-05-15T20:26:00,Depot,CHAdeMO,Demand,Synthetic Charge Network B,23.93,18.26,Client Paid,2025-05-15T16:00:00,2025-05-17T16:00:00
EVS-0000262,VEH-00127,CLI-0017,CHG-00035,CHGSYN246495,MTR-000006,2025-02-06T16:00:00,2025-02-06T19:58:00,Depot,Type 2,Demand,Synthetic Charge Network B,15.42,4.44,Client Paid,2025-02-06T16:00:00,2025-02-08T16:00:00
EVS-0000263,VEH-00134,CLI-0004,CHG-00058,CHGSYN968713,MTR-000008,2026-05-15T22:00:00,2026-05-15T23:47:00,Depot,CCS2,Off Peak,Synthetic Charge Network A,48.82,29.61,Client Paid,2026-05-15T22:00:00,2026-06-03T22:00:00
EVS-0000264,VEH-00053,CLI-0017,CHG-00017,CHGSYN533929,MTR-000217,2025-04-07T10:00:00,2025-04-07T14:24:00,Workplace,CCS2,Flat,Synthetic Charge Network A,34.8,10.53,Matched,2025-04-07T10:00:00,2025-04-25T10:00:00
EVS-0000265,VEH-00051,CLI-0010,CHG-00036,CHGSYN926690,MTR-000137,2026-05-16T10:00:00,2026-05-16T11:44:00,Workplace,CCS2,Flat,Synthetic Charge Network A,50.78,21.99,Pending,2026-05-16T10:00:00,2026-05-30T10:00:00
EVS-0000266,VEH-00123,CLI-0004,CHG-00083,CHGSYN986738,MTR-000043,2026-03-10T19:00:00,2026-03-10T21:03:00,Public,Type 2,Demand,Synthetic Charge Network B,23.68,8.63,Rejected,2026-03-10T19:00:00,2026-03-17T19:00:00
EVS-0000267,VEH-00131,CLI-0003,CHG-00139,CHGSYN556137,MTR-000130,2025-12-27T23:00:00,2025-12-28T00:25:00,Home,Type 2,Off Peak,Synthetic Charge Network A,35.19,12.09,Client Paid,2025-12-27T23:00:00,2026-01-04T23:00:00
EVS-0000268,VEH-00007,CLI-0016,CHG-00083,CHGSYN689224,MTR-000128,2025-09-24T00:00:00,2025-09-24T04:33:00,Home,CCS2,Off Peak,Client Depot Charger,47.14,19.55,Matched,2025-09-24T00:00:00,2025-10-14T00:00:00
EVS-0000269,VEH-00080,CLI-0008,CHG-00136,CHGSYN602172,MTR-000157,2025-03-27T15:00:00,2025-03-27T15:54:00,Depot,CCS2,Flat,Client Depot Charger,53.5,16.32,Rejected,2025-03-27T15:00:00,2025-04-08T15:00:00
EVS-0000270,VEH-00053,CLI-0017,CHG-00046,CHGSYN859670,MTR-000102,2025-03-01T13:00:00,2025-03-01T16:50:00,Home,Type 2,Peak,Synthetic Charge Network A,37.82,15.18,Rejected,2025-03-01T13:00:00,2025-03-03T13:00:00
EVS-0000271,VEH-00114,CLI-0001,CHG-00082,CHGSYN461444,MTR-000169,2025-03-31T19:00:00,2025-04-01T00:45:00,Workplace,CCS2,Peak,Client Depot Charger,60.15,28.57,Pending,2025-03-31T19:00:00,2025-04-19T19:00:00
EVS-0000272,VEH-00076,CLI-0001,CHG-00081,CHGSYN900735,MTR-000089,2026-03-13T18:00:00,2026-03-13T19:02:00,Depot,CCS2,Demand,Synthetic Charge Network B,72.42,43.6,Matched,2026-03-13T18:00:00,2026-03-15T18:00:00
EVS-0000273,VEH-00104,CLI-0017,CHG-00004,CHGSYN329027,MTR-000182,2025-07-20T14:00:00,2025-07-20T18:58:00,Workplace,Type 2,Off Peak,Synthetic Charge Network B,51.93,39.28,Client Paid,2025-07-20T14:00:00,2025-08-02T14:00:00
EVS-0000274,VEH-00029,CLI-0018,CHG-00075,CHGSYN865757,MTR-000218,2025-07-06T17:00:00,2025-07-06T18:50:00,Depot,Type 2,Flat,Synthetic Charge Network A,13.03,6.83,Rejected,2025-07-06T17:00:00,2025-07-18T17:00:00
EVS-0000275,VEH-00054,CLI-0015,CHG-00038,CHGSYN706115,MTR-000043,2026-05-01T16:00:00,2026-05-01T21:49:00,Public,CHAdeMO,Peak,Client Depot Charger,8.18,3.94,Pending,2026-05-01T16:00:00,2026-05-04T16:00:00
EVS-0000276,VEH-00013,CLI-0015,CHG-00134,CHGSYN650254,MTR-000052,2025-12-16T22:00:00,2025-12-16T23:10:00,Depot,CHAdeMO,Demand,Synthetic Charge Network A,66.38,41.23,Rejected,2025-12-16T22:00:00,2025-12-25T22:00:00
EVS-0000277,VEH-00115,CLI-0011,CHG-00121,CHGSYN240230,MTR-000002,2025-04-05T00:00:00,2025-04-05T01:00:00,Workplace,Type 2,Off Peak,Synthetic Charge Network A,29.73,15.61,Rejected,2025-04-05T00:00:00,2025-04-26T00:00:00
EVS-0000278,VEH-00018,CLI-0008,CHG-00126,CHGSYN742852,MTR-000179,2026-01-02T05:00:00,2026-01-02T09:08:00,Depot,CHAdeMO,Demand,Synthetic Charge Network B,35.71,9.18,Rejected,2026-01-02T05:00:00,2026-01-13T05:00:00
EVS-0000279,VEH-00071,CLI-0006,CHG-00005,CHGSYN481086,MTR-000021,2025-12-30T00:00:00,2025-12-30T00:44:00,Home,CHAdeMO,Off Peak,Client Depot Charger,12.21,6.37,Rejected,2025-12-30T00:00:00,2026-01-03T00:00:00
EVS-0000280,VEH-00034,CLI-0011,CHG-00013,CHGSYN113489,MTR-000054,2025-03-30T06:00:00,2025-03-30T10:02:00,Home,CCS2,Peak,Synthetic Charge Network A,35.19,12.48,Matched,2025-03-30T06:00:00,2025-04-03T06:00:00
EVS-0000281,VEH-00137,CLI-0010,CHG-00049,CHGSYN802195,MTR-000070,2025-01-02T22:00:00,2025-01-03T04:17:00,Depot,CHAdeMO,Off Peak,Synthetic Charge Network A,41.97,32.64,Rejected,2025-01-02T22:00:00,2025-01-08T22:00:00
EVS-0000282,VEH-00121,CLI-0011,CHG-00037,CHGSYN990682,MTR-000144,2025-08-11T18:00:00,2025-08-11T18:43:00,Home,CCS2,Demand,Synthetic Charge Network A,13.8,3.99,Client Paid,2025-08-11T18:00:00,2025-08-30T18:00:00
EVS-0000283,VEH-00080,CLI-0008,CHG-00079,CHGSYN109699,MTR-000064,2025-08-30T23:00:00,2025-08-31T01:13:00,Home,CCS2,Off Peak,Synthetic Charge Network B,62.86,45.86,Matched,2025-08-30T23:00:00,2025-08-30T23:00:00
EVS-0000284,VEH-00080,CLI-0008,CHG-00119,CHGSYN104492,MTR-000008,2025-07-20T08:00:00,2025-07-20T14:19:00,Public,CCS2,Off Peak,Client Depot Charger,12.77,3.01,Rejected,2025-07-20T08:00:00,2025-08-09T08:00:00
EVS-0000285,VEH-00028,CLI-0001,CHG-00106,CHGSYN970460,MTR-000178,2025-06-03T04:00:00,2025-06-03T05:55:00,Home,CHAdeMO,Peak,Synthetic Charge Network B,39.31,10.76,Rejected,2025-06-03T04:00:00,2025-06-03T04:00:00
EVS-0000286,VEH-00065,CLI-0002,CHG-00105,CHGSYN745161,MTR-000147,2025-12-01T19:00:00,2025-12-02T01:29:00,Workplace,Type 2,Peak,Synthetic Charge Network A,61.63,24.95,Pending,2025-12-01T19:00:00,2025-12-11T19:00:00
EVS-0000287,VEH-00078,CLI-0003,CHG-00042,CHGSYN239627,MTR-000170,2025-05-06T22:00:00,2025-05-07T03:10:00,Home,CCS2,Peak,Synthetic Charge Network B,16.87,9.83,Rejected,2025-05-06T22:00:00,2025-05-13T22:00:00
EVS-0000288,VEH-00074,CLI-0018,CHG-00079,CHGSYN621083,MTR-000104,2026-01-14T01:00:00,2026-01-14T02:57:00,Public,CHAdeMO,Peak,Client Depot Charger,68.64,29.1,Matched,2026-01-14T01:00:00,2026-01-16T01:00:00
EVS-0000289,VEH-00030,CLI-0011,CHG-00084,CHGSYN434853,MTR-000130,2026-02-02T05:00:00,2026-02-02T11:19:00,Workplace,Type 2,Demand,Synthetic Charge Network B,68.2,41.89,Pending,2026-02-02T05:00:00,2026-02-14T05:00:00
EVS-0000290,VEH-00013,CLI-0015,CHG-00137,CHGSYN716102,MTR-000005,2025-08-16T08:00:00,2025-08-16T10:29:00,Home,CCS2,Off Peak,Client Depot Charger,21.03,15.12,Matched,2025-08-16T08:00:00,2025-09-03T08:00:00
EVS-0000291,VEH-00103,CLI-0003,CHG-00018,CHGSYN938098,MTR-000218,2025-10-06T13:00:00,2025-10-06T16:06:00,Depot,Type 2,Peak,Synthetic Charge Network B,14.01,10.59,Rejected,2025-10-06T13:00:00,2025-10-15T13:00:00
EVS-0000292,VEH-00138,CLI-0016,CHG-00012,CHGSYN441820,MTR-000189,2025-11-02T05:00:00,2025-11-02T08:28:00,Workplace,CCS2,Off Peak,Synthetic Charge Network B,55.7,27.72,Matched,2025-11-02T05:00:00,2025-11-05T05:00:00
EVS-0000293,VEH-00148,CLI-0005,CHG-00058,CHGSYN119211,MTR-000182,2025-08-18T18:00:00,2025-08-18T21:04:00,Public,CCS2,Demand,Synthetic Charge Network A,18.81,8.8,Rejected,2025-08-18T18:00:00,2025-08-28T18:00:00
EVS-0000294,VEH-00148,CLI-0005,CHG-00092,CHGSYN656381,MTR-000147,2025-07-19T00:00:00,2025-07-19T04:25:00,Home,Type 2,Off Peak,Client Depot Charger,13.08,9.68,Pending,2025-07-19T00:00:00,2025-07-24T00:00:00
EVS-0000295,VEH-00030,CLI-0011,CHG-00134,CHGSYN724020,MTR-000199,2025-04-14T12:00:00,2025-04-14T15:40:00,Home,Type 2,Peak,Synthetic Charge Network B,58.81,28.04,Matched,2025-04-14T12:00:00,2025-04-18T12:00:00
EVS-0000296,VEH-00144,CLI-0017,CHG-00059,CHGSYN107374,MTR-000176,2025-10-23T16:00:00,2025-10-23T20:41:00,Public,CCS2,Flat,Client Depot Charger,40.52,11.56,Pending,2025-10-23T16:00:00,2025-11-10T16:00:00
EVS-0000297,VEH-00127,CLI-0017,CHG-00033,CHGSYN589205,MTR-000027,2025-09-03T18:00:00,2025-09-03T23:52:00,Public,CHAdeMO,Demand,Synthetic Charge Network A,57.35,41.92,Pending,2025-09-03T18:00:00,2025-09-09T18:00:00
EVS-0000298,VEH-00112,CLI-0018,CHG-00133,CHGSYN809493,MTR-000091,2026-01-19T17:00:00,2026-01-19T18:42:00,Public,CHAdeMO,Demand,Client Depot Charger,52.02,30.44,Rejected,2026-01-19T17:00:00,2026-01-26T17:00:00
EVS-0000299,VEH-00121,CLI-0011,CHG-00014,CHGSYN846338,MTR-000146,2025-12-23T07:00:00,2025-12-23T07:32:00,Home,CCS2,Peak,Synthetic Charge Network B,37.78,20.74,Rejected,2025-12-23T07:00:00,2025-12-31T07:00:00
EVS-0000300,VEH-00065,CLI-0002,CHG-00065,CHGSYN938830,MTR-000080,2026-04-07T20:00:00,2026-04-07T22:49:00,Home,Type 2,Demand,Synthetic Charge Network B,37.45,20.44,Pending,2026-04-07T20:00:00,2026-04-20T20:00:00
EVS-0000301,VEH-00036,CLI-0003,CHG-00073,CHGSYN785970,MTR-000060,2026-01-30T10:00:00,2026-01-30T13:00:00,Workplace,CCS2,Flat,Client Depot Charger,32.22,14.14,Rejected,2026-01-30T10:00:00,2026-02-06T10:00:00
EVS-0000302,VEH-00072,CLI-0014,CHG-00054,CHGSYN740914,MTR-000133,2026-04-16T16:00:00,2026-04-16T19:16:00,Home,CCS2,Demand,Synthetic Charge Network B,45.42,22.87,Rejected,2026-04-16T16:00:00,2026-04-30T16:00:00
EVS-0000303,VEH-00109,CLI-0012,CHG-00128,CHGSYN445889,MTR-000107,2026-04-18T21:00:00,2026-04-19T03:08:00,Home,CCS2,Demand,Client Depot Charger,57.43,22.59,Pending,2026-04-18T21:00:00,2026-04-27T21:00:00
EVS-0000304,VEH-00146,CLI-0013,CHG-00054,CHGSYN159547,MTR-000114,2026-03-07T22:00:00,2026-03-08T04:01:00,Home,CHAdeMO,Demand,Synthetic Charge Network B,8.65,6.54,Matched,2026-03-07T22:00:00,2026-03-28T22:00:00
EVS-0000305,VEH-00134,CLI-0004,CHG-00007,CHGSYN773100,MTR-000161,2025-06-11T21:00:00,2025-06-11T21:29:00,Workplace,CHAdeMO,Peak,Synthetic Charge Network B,64.47,35.26,Pending,2025-06-11T21:00:00,2025-06-17T21:00:00
EVS-0000306,VEH-00046,CLI-0013,CHG-00073,CHGSYN114317,MTR-000061,2025-09-14T10:00:00,2025-09-14T12:04:00,Workplace,CHAdeMO,Off Peak,Synthetic Charge Network A,54.65,41.22,Rejected,2025-09-14T10:00:00,2025-10-05T10:00:00
EVS-0000307,VEH-00013,CLI-0015,CHG-00036,CHGSYN961259,MTR-000175,2025-04-25T02:00:00,2025-04-25T05:49:00,Public,Type 2,Peak,Synthetic Charge Network B,55.51,19.61,Rejected,2025-04-25T02:00:00,2025-04-28T02:00:00
EVS-0000308,VEH-00060,CLI-0017,CHG-00014,CHGSYN297525,MTR-000036,2025-03-21T08:00:00,2025-03-21T09:33:00,Depot,CCS2,Demand,Synthetic Charge Network B,48.37,12.67,Client Paid,2025-03-21T08:00:00,2025-04-09T08:00:00
EVS-0000309,VEH-00071,CLI-0006,CHG-00092,CHGSYN429214,MTR-000095,2025-10-27T07:00:00,2025-10-27T10:24:00,Workplace,Type 2,Peak,Synthetic Charge Network A,66.26,16.1,Matched,2025-10-27T07:00:00,2025-11-11T07:00:00
EVS-0000310,VEH-00055,CLI-0009,CHG-00068,CHGSYN931486,MTR-000093,2025-08-03T09:00:00,2025-08-03T14:16:00,Public,CCS2,Demand,Synthetic Charge Network A,11.01,7.14,Matched,2025-08-03T09:00:00,2025-08-20T09:00:00
EVS-0000311,VEH-00120,CLI-0003,CHG-00024,CHGSYN765706,MTR-000038,2025-12-06T19:00:00,2025-12-06T23:32:00,Home,CCS2,Off Peak,Synthetic Charge Network A,22.95,10.67,Client Paid,2025-12-06T19:00:00,2025-12-09T19:00:00
EVS-0000312,VEH-00040,CLI-0008,CHG-00061,CHGSYN788091,MTR-000182,2025-03-18T17:00:00,2025-03-18T22:51:00,Home,CCS2,Demand,Synthetic Charge Network B,17.48,6.62,Rejected,2025-03-18T17:00:00,2025-03-25T17:00:00
EVS-0000313,VEH-00144,CLI-0017,CHG-00095,CHGSYN439572,MTR-000208,2025-05-12T11:00:00,2025-05-12T14:22:00,Public,Type 2,Peak,Synthetic Charge Network B,6.3,2.13,Rejected,2025-05-12T11:00:00,2025-05-25T11:00:00
EVS-0000314,VEH-00002,CLI-0005,CHG-00080,CHGSYN932134,MTR-000056,2025-09-07T17:00:00,2025-09-07T19:26:00,Depot,CCS2,Demand,Synthetic Charge Network A,39.98,21.7,Matched,2025-09-07T17:00:00,2025-09-15T17:00:00
EVS-0000315,VEH-00146,CLI-0013,CHG-00134,CHGSYN286586,MTR-000178,2025-01-19T00:00:00,2025-01-19T06:47:00,Depot,CCS2,Demand,Client Depot Charger,62.0,36.58,Pending,2025-01-19T00:00:00,2025-02-01T00:00:00
EVS-0000316,VEH-00120,CLI-0003,CHG-00048,CHGSYN256936,MTR-000016,2026-04-30T21:00:00,2026-05-01T02:16:00,Workplace,CCS2,Off Peak,Client Depot Charger,7.18,1.67,Matched,2026-04-30T21:00:00,2026-05-14T21:00:00
EVS-0000317,VEH-00127,CLI-0017,CHG-00007,CHGSYN856340,MTR-000018,2025-11-26T14:00:00,2025-11-26T17:22:00,Home,Type 2,Flat,Synthetic Charge Network A,8.52,2.86,Pending,2025-11-26T14:00:00,2025-12-04T14:00:00
EVS-0000318,VEH-00064,CLI-0014,CHG-00122,CHGSYN271536,MTR-000030,2025-08-23T13:00:00,2025-08-23T16:43:00,Depot,CHAdeMO,Flat,Client Depot Charger,47.59,27.77,Pending,2025-08-23T13:00:00,2025-09-13T13:00:00
EVS-0000319,VEH-00051,CLI-0010,CHG-00041,CHGSYN706067,MTR-000097,2025-11-22T02:00:00,2025-11-22T08:00:00,Depot,Type 2,Flat,Synthetic Charge Network B,46.0,15.9,Client Paid,2025-11-22T02:00:00,2025-11-24T02:00:00
EVS-0000320,VEH-00041,CLI-0005,CHG-00015,CHGSYN686390,MTR-000033,2025-08-02T01:00:00,2025-08-02T02:42:00,Depot,CHAdeMO,Demand,Synthetic Charge Network B,17.79,11.37,Pending,2025-08-02T01:00:00,2025-08-16T01:00:00
EVS-0000321,VEH-00015,CLI-0013,CHG-00083,CHGSYN614846,MTR-000189,2025-11-14T17:00:00,2025-11-14T22:05:00,Workplace,Type 2,Peak,Synthetic Charge Network A,27.46,12.19,Pending,2025-11-14T17:00:00,2025-11-19T17:00:00
EVS-0000322,VEH-00149,CLI-0013,CHG-00007,CHGSYN182995,MTR-000043,2026-03-02T22:00:00,2026-03-03T02:03:00,Home,CCS2,Off Peak,Synthetic Charge Network B,50.9,31.25,Rejected,2026-03-02T22:00:00,2026-03-18T22:00:00
EVS-0000323,VEH-00123,CLI-0004,CHG-00126,CHGSYN528187,MTR-000004,2026-01-15T08:00:00,2026-01-15T13:18:00,Workplace,CHAdeMO,Flat,Client Depot Charger,28.03,12.86,Rejected,2026-01-15T08:00:00,2026-01-29T08:00:00
EVS-0000324,VEH-00040,CLI-0008,CHG-00046,CHGSYN479361,MTR-000119,2025-05-12T10:00:00,2025-05-12T12:19:00,Workplace,CHAdeMO,Demand,Client Depot Charger,53.24,19.19,Client Paid,2025-05-12T10:00:00,2025-05-29T10:00:00
EVS-0000325,VEH-00114,CLI-0001,CHG-00070,CHGSYN536809,MTR-000082,2025-08-15T00:00:00,2025-08-15T04:33:00,Workplace,CCS2,Flat,Synthetic Charge Network B,23.74,6.37,Client Paid,2025-08-15T00:00:00,2025-08-19T00:00:00
EVS-0000326,VEH-00115,CLI-0011,CHG-00016,CHGSYN934210,MTR-000154,2025-07-24T16:00:00,2025-07-24T17:37:00,Depot,CCS2,Flat,Client Depot Charger,26.83,15.58,Client Paid,2025-07-24T16:00:00,2025-08-01T16:00:00
EVS-0000327,VEH-00033,CLI-0006,CHG-00051,CHGSYN616624,MTR-000020,2025-01-01T10:00:00,2025-01-01T15:58:00,Workplace,Type 2,Off Peak,Synthetic Charge Network B,35.75,22.45,Client Paid,2025-01-01T10:00:00,2025-01-18T10:00:00
EVS-0000328,VEH-00111,CLI-0004,CHG-00103,CHGSYN496360,MTR-000079,2025-04-14T02:00:00,2025-04-14T06:29:00,Public,CHAdeMO,Flat,Synthetic Charge Network A,6.72,3.23,Pending,2025-04-14T02:00:00,2025-04-17T02:00:00
EVS-0000329,VEH-00043,CLI-0013,CHG-00093,CHGSYN349794,MTR-000096,2025-05-15T04:00:00,2025-05-15T10:12:00,Public,Type 2,Demand,Synthetic Charge Network A,57.75,15.44,Matched,2025-05-15T04:00:00,2025-06-03T04:00:00
EVS-0000330,VEH-00119,CLI-0008,CHG-00134,CHGSYN561365,MTR-000001,2025-10-12T00:00:00,2025-10-12T06:27:00,Home,CCS2,Flat,Client Depot Charger,52.3,26.57,Client Paid,2025-10-12T00:00:00,2025-10-27T00:00:00
EVS-0000331,VEH-00029,CLI-0018,CHG-00120,CHGSYN780383,MTR-000027,2025-01-21T15:00:00,2025-01-21T21:38:00,Home,CCS2,Off Peak,Synthetic Charge Network A,30.96,11.75,Pending,2025-01-21T15:00:00,2025-02-03T15:00:00
EVS-0000332,VEH-00116,CLI-0014,CHG-00098,CHGSYN575017,MTR-000180,2026-01-10T14:00:00,2026-01-10T15:45:00,Public,CCS2,Flat,Client Depot Charger,45.37,11.35,Matched,2026-01-10T14:00:00,2026-01-12T14:00:00
EVS-0000333,VEH-00011,CLI-0016,CHG-00014,CHGSYN809136,MTR-000121,2025-10-20T00:00:00,2025-10-20T00:54:00,Home,CCS2,Off Peak,Synthetic Charge Network A,68.99,43.25,Matched,2025-10-20T00:00:00,2025-10-31T00:00:00
EVS-0000334,VEH-00015,CLI-0013,CHG-00122,CHGSYN271413,MTR-000176,2025-12-07T09:00:00,2025-12-07T15:58:00,Depot,CHAdeMO,Peak,Synthetic Charge Network A,16.1,4.28,Pending,2025-12-07T09:00:00,2025-12-26T09:00:00
EVS-0000335,VEH-00103,CLI-0003,CHG-00122,CHGSYN382098,MTR-000166,2025-11-16T19:00:00,2025-11-16T23:23:00,Public,CHAdeMO,Peak,Client Depot Charger,30.78,14.05,Client Paid,2025-11-16T19:00:00,2025-11-25T19:00:00
EVS-0000336,VEH-00055,CLI-0009,CHG-00039,CHGSYN502210,MTR-000170,2025-03-27T11:00:00,2025-03-27T17:15:00,Public,CHAdeMO,Peak,Synthetic Charge Network A,62.54,23.61,Client Paid,2025-03-27T11:00:00,2025-04-05T11:00:00
EVS-0000337,VEH-00030,CLI-0011,CHG-00113,CHGSYN405891,MTR-000011,2026-01-04T06:00:00,2026-01-04T12:16:00,Public,Type 2,Peak,Synthetic Charge Network A,29.75,14.18,Pending,2026-01-04T06:00:00,2026-01-18T06:00:00
EVS-0000338,VEH-00093,CLI-0011,CHG-00115,CHGSYN497746,MTR-000137,2025-07-22T23:00:00,2025-07-23T00:26:00,Workplace,Type 2,Off Peak,Synthetic Charge Network B,60.14,29.95,Matched,2025-07-22T23:00:00,2025-08-05T23:00:00
EVS-0000339,VEH-00063,CLI-0016,CHG-00134,CHGSYN412763,MTR-000158,2025-01-24T11:00:00,2025-01-24T17:38:00,Workplace,CHAdeMO,Flat,Synthetic Charge Network B,46.71,17.41,Matched,2025-01-24T11:00:00,2025-02-09T11:00:00
EVS-0000340,VEH-00016,CLI-0002,CHG-00129,CHGSYN520235,MTR-000044,2026-02-24T10:00:00,2026-02-24T12:53:00,Home,CHAdeMO,Off Peak,Synthetic Charge Network B,20.38,7.4,Rejected,2026-02-24T10:00:00,2026-02-24T10:00:00
EVS-0000341,VEH-00120,CLI-0003,CHG-00054,CHGSYN291530,MTR-000067,2025-10-13T13:00:00,2025-10-13T16:39:00,Depot,CCS2,Peak,Synthetic Charge Network B,47.97,30.34,Matched,2025-10-13T13:00:00,2025-10-16T13:00:00
EVS-0000342,VEH-00030,CLI-0011,CHG-00133,CHGSYN490012,MTR-000205,2026-05-08T01:00:00,2026-05-08T07:22:00,Home,CHAdeMO,Off Peak,Synthetic Charge Network B,12.16,7.29,Rejected,2026-05-08T01:00:00,2026-05-27T01:00:00
EVS-0000343,VEH-00050,CLI-0001,CHG-00092,CHGSYN966913,MTR-000148,2025-02-09T07:00:00,2025-02-09T10:58:00,Home,CHAdeMO,Peak,Synthetic Charge Network A,61.66,41.83,Client Paid,2025-02-09T07:00:00,2025-02-15T07:00:00
EVS-0000344,VEH-00137,CLI-0010,CHG-00003,CHGSYN896246,MTR-000011,2026-04-25T17:00:00,2026-04-25T18:47:00,Depot,CHAdeMO,Demand,Synthetic Charge Network B,24.7,7.58,Client Paid,2026-04-25T17:00:00,2026-05-16T17:00:00
EVS-0000345,VEH-00036,CLI-0003,CHG-00076,CHGSYN673202,MTR-000212,2026-03-12T10:00:00,2026-03-12T11:51:00,Workplace,CHAdeMO,Flat,Client Depot Charger,6.59,3.7,Matched,2026-03-12T10:00:00,2026-03-21T10:00:00
EVS-0000346,VEH-00103,CLI-0003,CHG-00139,CHGSYN393644,MTR-000115,2025-05-11T19:00:00,2025-05-11T22:04:00,Workplace,Type 2,Off Peak,Synthetic Charge Network A,72.08,39.42,Client Paid,2025-05-11T19:00:00,2025-05-14T19:00:00
EVS-0000347,VEH-00104,CLI-0017,CHG-00122,CHGSYN932990,MTR-000047,2026-04-16T08:00:00,2026-04-16T09:09:00,Public,CCS2,Flat,Synthetic Charge Network B,55.03,17.75,Rejected,2026-04-16T08:00:00,2026-05-03T08:00:00
EVS-0000348,VEH-00015,CLI-0013,CHG-00047,CHGSYN544410,MTR-000115,2025-06-26T04:00:00,2025-06-26T08:07:00,Workplace,CHAdeMO,Demand,Synthetic Charge Network B,60.99,24.71,Rejected,2025-06-26T04:00:00,2025-07-06T04:00:00
EVS-0000349,VEH-00111,CLI-0004,CHG-00018,CHGSYN347044,MTR-000072,2025-08-20T09:00:00,2025-08-20T09:30:00,Home,CHAdeMO,Peak,Client Depot Charger,23.54,17.51,Pending,2025-08-20T09:00:00,2025-09-02T09:00:00
EVS-0000350,VEH-00002,CLI-0005,CHG-00112,CHGSYN290835,MTR-000179,2026-05-08T19:00:00,2026-05-08T23:20:00,Public,CHAdeMO,Flat,Client Depot Charger,53.01,28.92,Rejected,2026-05-08T19:00:00,2026-05-20T19:00:00
EVS-0000351,VEH-00054,CLI-0015,CHG-00040,CHGSYN981114,MTR-000072,2025-01-14T03:00:00,2025-01-14T07:58:00,Public,CCS2,Demand,Client Depot Charger,41.08,14.62,Rejected,2025-01-14T03:00:00,2025-01-27T03:00:00
EVS-0000352,VEH-00033,CLI-0006,CHG-00105,CHGSYN681314,MTR-000206,2025-02-05T11:00:00,2025-02-05T14:53:00,Depot,CHAdeMO,Peak,Client Depot Charger,68.64,50.52,Matched,2025-02-05T11:00:00,2025-02-19T11:00:00
EVS-0000353,VEH-00007,CLI-0016,CHG-00065,CHGSYN643644,MTR-000008,2025-06-21T19:00:00,2025-06-21T22:09:00,Depot,Type 2,Demand,Synthetic Charge Network A,50.69,14.88,Pending,2025-06-21T19:00:00,2025-07-05T19:00:00
EVS-0000354,VEH-00134,CLI-0004,CHG-00014,CHGSYN323535,MTR-000215,2025-05-04T07:00:00,2025-05-04T11:13:00,Depot,CHAdeMO,Demand,Synthetic Charge Network A,68.82,35.83,Pending,2025-05-04T07:00:00,2025-05-13T07:00:00
EVS-0000355,VEH-00063,CLI-0016,CHG-00108,CHGSYN297187,MTR-000017,2026-03-24T11:00:00,2026-03-24T12:21:00,Depot,CHAdeMO,Flat,Synthetic Charge Network A,37.05,19.43,Matched,2026-03-24T11:00:00,2026-04-08T11:00:00
EVS-0000356,VEH-00115,CLI-0011,CHG-00139,CHGSYN895131,MTR-000205,2025-10-13T15:00:00,2025-10-13T15:52:00,Workplace,CCS2,Flat,Synthetic Charge Network B,63.63,38.83,Rejected,2025-10-13T15:00:00,2025-10-24T15:00:00
EVS-0000357,VEH-00129,CLI-0017,CHG-00103,CHGSYN495007,MTR-000060,2025-06-19T16:00:00,2025-06-19T19:29:00,Workplace,CCS2,Off Peak,Synthetic Charge Network A,64.6,33.13,Matched,2025-06-19T16:00:00,2025-06-24T16:00:00
EVS-0000358,VEH-00131,CLI-0003,CHG-00046,CHGSYN455035,MTR-000036,2025-12-15T16:00:00,2025-12-15T17:06:00,Depot,CHAdeMO,Demand,Synthetic Charge Network B,64.11,35.07,Rejected,2025-12-15T16:00:00,2026-01-03T16:00:00
EVS-0000359,VEH-00058,CLI-0018,CHG-00135,CHGSYN898154,MTR-000080,2026-04-18T22:00:00,2026-04-18T23:57:00,Depot,CHAdeMO,Off Peak,Synthetic Charge Network B,32.53,23.25,Rejected,2026-04-18T22:00:00,2026-04-22T22:00:00
EVS-0000360,VEH-00013,CLI-0015,CHG-00043,CHGSYN954056,MTR-000158,2025-12-09T07:00:00,2025-12-09T12:04:00,Workplace,Type 2,Peak,Synthetic Charge Network A,22.49,14.34,Matched,2025-12-09T07:00:00,2025-12-15T07:00:00
