fuel_transaction_id,fuel_card_id,vehicle_id,client_id,transaction_datetime,merchant_state,fuel_product,litres,gross_amount,exception_flag
FTX-0000001,FUEL-00001,VEH-00012,CLI-0002,2026-03-23T03:00:00,QLD,Unleaded,30.88,157.12,Y
FTX-0000002,FUEL-00001,VEH-00012,CLI-0002,2026-03-19T16:00:00,VIC,Unleaded,46.03,77.71,N
FTX-0000003,FUEL-00001,VEH-00012,CLI-0002,2025-11-01T02:00:00,TAS,Premium Unleaded,64.6,188.72,N
FTX-0000004,FUEL-00001,VEH-00012,CLI-0002,2025-12-04T23:00:00,SA,Unleaded,54.28,128.89,N
FTX-0000005,FUEL-00001,VEH-00012,CLI-0002,2025-04-18T10:00:00,WA,Unleaded,61.61,73.02,N
FTX-0000006,FUEL-00002,VEH-00086,CLI-0013,2025-03-22T08:00:00,VIC,Electricity,0,8.73,N
FTX-0000007,FUEL-00002,VEH-00086,CLI-0013,2025-04-16T17:00:00,TAS,Electricity,0,34.37,N
FTX-0000008,FUEL-00002,VEH-00086,CLI-0013,2025-03-14T22:00:00,SA,Electricity,0,35.56,N
FTX-0000009,FUEL-00002,VEH-00086,CLI-0013,2025-02-06T09:00:00,TAS,Electricity,0,33.95,N
FTX-0000010,FUEL-00003,VEH-00090,CLI-0008,2025-01-26T03:00:00,ACT,Electricity,0,10.58,Y
FTX-0000011,FUEL-00003,VEH-00090,CLI-0008,2025-07-20T05:00:00,NT,Electricity,0,37.58,N
FTX-0000012,FUEL-00003,VEH-00090,CLI-0008,2025-06-20T06:00:00,VIC,Electricity,0,54.74,Y
FTX-0000013,FUEL-00003,VEH-00090,CLI-0008,2025-10-18T04:00:00,VIC,Electricity,0,47.02,Y
FTX-0000014,FUEL-00003,VEH-00090,CLI-0008,2025-02-19T14:00:00,SA,Electricity,0,40.85,Y
FTX-0000015,FUEL-00003,VEH-00090,CLI-0008,2025-08-29T07:00:00,WA,Electricity,0,14.9,N
FTX-0000016,FUEL-00003,VEH-00090,CLI-0008,2026-04-13T11:00:00,ACT,Electricity,0,16.8,N
FTX-0000017,FUEL-00003,VEH-00090,CLI-0008,2026-02-08T10:00:00,NT,Electricity,0,31.4,N
FTX-0000018,FUEL-00004,VEH-00144,CLI-0017,2025-08-25T05:00:00,SA,Electricity,0,44.86,N
FTX-0000019,FUEL-00004,VEH-00144,CLI-0017,2025-09-18T03:00:00,ACT,Electricity,0,47.24,N
FTX-0000020,FUEL-00004,VEH-00144,CLI-0017,2025-06-16T17:00:00,VIC,Electricity,0,46.04,Y
FTX-0000021,FUEL-00004,VEH-00144,CLI-0017,2025-07-25T18:00:00,ACT,Electricity,0,19.45,N
FTX-0000022,FUEL-00004,VEH-00144,CLI-0017,2025-10-08T05:00:00,NT,Electricity,0,26.42,N
FTX-0000023,FUEL-00004,VEH-00144,CLI-0017,2025-04-17T22:00:00,ACT,Electricity,0,45.65,Y
FTX-0000024,FUEL-00005,VEH-00055,CLI-0009,2025-05-01T05:00:00,VIC,Electricity,0,43.49,Y
FTX-0000025,FUEL-00005,VEH-00055,CLI-0009,2025-02-28T18:00:00,NT,Electricity,0,23.62,N
FTX-0000026,FUEL-00005,VEH-00055,CLI-0009,2026-02-25T14:00:00,QLD,Electricity,0,22.79,Y
FTX-0000027,FUEL-00005,VEH-00055,CLI-0009,2025-02-05T19:00:00,VIC,Electricity,0,40.9,Y
FTX-0000028,FUEL-00005,VEH-00055,CLI-0009,2025-06-17T15:00:00,NSW,Electricity,0,12.35,N
FTX-0000029,FUEL-00005,VEH-00055,CLI-0009,2026-03-31T18:00:00,NSW,Electricity,0,44.34,N
FTX-0000030,FUEL-00005,VEH-00055,CLI-0009,2025-08-20T17:00:00,SA,Electricity,0,26.72,Y
FTX-0000031,FUEL-00005,VEH-00055,CLI-0009,2025-04-11T06:00:00,TAS,Electricity,0,22.39,N
FTX-0000032,FUEL-00006,VEH-00003,CLI-0013,2025-01-05T19:00:00,ACT,Electricity,0,48.69,N
FTX-0000033,FUEL-00006,VEH-00003,CLI-0013,2025-02-01T11:00:00,NSW,Electricity,0,8.04,N
FTX-0000034,FUEL-00006,VEH-00003,CLI-0013,2025-02-26T09:00:00,NSW,Electricity,0,19.29,Y
FTX-0000035,FUEL-00006,VEH-00003,CLI-0013,2025-11-17T10:00:00,ACT,Electricity,0,27.49,Y
FTX-0000036,FUEL-00006,VEH-00003,CLI-0013,2025-10-07T06:00:00,QLD,Electricity,0,30.79,N
FTX-0000037,FUEL-00006,VEH-00003,CLI-0013,2025-10-12T12:00:00,TAS,Electricity,0,48.32,N
FTX-0000038,FUEL-00006,VEH-00003,CLI-0013,2025-05-28T21:00:00,QLD,Electricity,0,14.45,N
FTX-0000039,FUEL-00007,VEH-00052,CLI-0014,2025-12-03T13:00:00,QLD,Unleaded,76.86,44.35,Y
FTX-0000040,FUEL-00007,VEH-00052,CLI-0014,2026-04-03T22:00:00,ACT,Diesel,75.33,52.52,Y
FTX-0000041,FUEL-00007,VEH-00052,CLI-0014,2025-08-19T12:00:00,TAS,Unleaded,56.23,53.67,N
FTX-0000042,FUEL-00007,VEH-00052,CLI-0014,2026-03-10T23:00:00,WA,Diesel,57.83,114.33,Y
FTX-0000043,FUEL-00007,VEH-00052,CLI-0014,2025-10-23T11:00:00,NSW,Unleaded,79.45,127.08,N
FTX-0000044,FUEL-00007,VEH-00052,CLI-0014,2025-09-04T22:00:00,VIC,Unleaded,29.02,158.2,N
FTX-0000045,FUEL-00007,VEH-00052,CLI-0014,2025-02-10T16:00:00,VIC,Unleaded,50.83,108.71,N
FTX-0000046,FUEL-00007,VEH-00052,CLI-0014,2025-10-04T18:00:00,SA,Diesel,64.41,28.13,N
FTX-0000047,FUEL-00008,VEH-00073,CLI-0013,2025-08-29T18:00:00,TAS,Premium Unleaded,53.79,85.76,N
FTX-0000048,FUEL-00008,VEH-00073,CLI-0013,2025-01-19T22:00:00,SA,Diesel,39.93,168.72,N
FTX-0000049,FUEL-00008,VEH-00073,CLI-0013,2025-08-31T18:00:00,QLD,Diesel,25.81,27.91,N
FTX-0000050,FUEL-00008,VEH-00073,CLI-0013,2025-11-16T00:00:00,SA,Premium Unleaded,72.15,33.84,N
FTX-0000051,FUEL-00008,VEH-00073,CLI-0013,2025-05-23T08:00:00,QLD,Diesel,74.79,71.95,N
FTX-0000052,FUEL-00008,VEH-00073,CLI-0013,2025-02-27T19:00:00,QLD,Diesel,22.88,159.88,Y
FTX-0000053,FUEL-00009,VEH-00066,CLI-0018,2025-04-03T16:00:00,NSW,Premium Unleaded,36.64,206.94,N
FTX-0000054,FUEL-00009,VEH-00066,CLI-0018,2026-02-25T04:00:00,NT,Premium Unleaded,58.92,165.91,N
FTX-0000055,FUEL-00009,VEH-00066,CLI-0018,2026-01-07T20:00:00,QLD,Unleaded,62.96,128.93,N
FTX-0000056,FUEL-00009,VEH-00066,CLI-0018,2025-05-16T03:00:00,NSW,Unleaded,25.37,107.09,Y
FTX-0000057,FUEL-00009,VEH-00066,CLI-0018,2026-01-18T17:00:00,WA,Premium Unleaded,40.68,149.23,Y
FTX-0000058,FUEL-00009,VEH-00066,CLI-0018,2025-03-16T16:00:00,ACT,Unleaded,51.42,73.45,Y
FTX-0000059,FUEL-00009,VEH-00066,CLI-0018,2025-06-11T16:00:00,NSW,Unleaded,45.68,194.2,N
FTX-0000060,FUEL-00009,VEH-00066,CLI-0018,2025-08-10T19:00:00,SA,Premium Unleaded,81.28,69.9,N
FTX-0000061,FUEL-00010,VEH-00018,CLI-0008,2026-01-31T21:00:00,WA,Electricity,0,43.25,N
FTX-0000062,FUEL-00010,VEH-00018,CLI-0008,2025-09-24T10:00:00,QLD,Electricity,0,23.04,N
FTX-0000063,FUEL-00010,VEH-00018,CLI-0008,2025-12-11T00:00:00,VIC,Electricity,0,8.57,N
FTX-0000064,FUEL-00010,VEH-00018,CLI-0008,2025-09-26T03:00:00,NT,Electricity,0,24.87,N
FTX-0000065,FUEL-00010,VEH-00018,CLI-0008,2025-05-09T06:00:00,NSW,Electricity,0,9.14,N
FTX-0000066,FUEL-00010,VEH-00018,CLI-0008,2025-01-30T19:00:00,WA,Electricity,0,53.62,N
FTX-0000067,FUEL-00011,VEH-00079,CLI-0005,2025-12-03T20:00:00,QLD,Unleaded,30.05,151.57,N
FTX-0000068,FUEL-00011,VEH-00079,CLI-0005,2025-12-05T02:00:00,NT,Premium Unleaded,40.26,165.72,N
FTX-0000069,FUEL-00011,VEH-00079,CLI-0005,2026-02-04T02:00:00,SA,Unleaded,37.95,91.5,N
FTX-0000070,FUEL-00011,VEH-00079,CLI-0005,2025-05-13T08:00:00,QLD,Premium Unleaded,83.75,31.32,N
FTX-0000071,FUEL-00011,VEH-00079,CLI-0005,2025-04-02T20:00:00,NT,Unleaded,59.84,45.62,Y
FTX-0000072,FUEL-00011,VEH-00079,CLI-0005,2025-11-26T03:00:00,NT,Diesel,35.54,67.73,N
FTX-0000073,FUEL-00011,VEH-00079,CLI-0005,2025-10-20T23:00:00,SA,Premium Unleaded,26.52,21.6,Y
FTX-0000074,FUEL-00012,VEH-00077,CLI-0009,2025-07-19T08:00:00,QLD,Electricity,0,41.6,Y
FTX-0000075,FUEL-00012,VEH-00077,CLI-0009,2025-10-22T00:00:00,NT,Electricity,0,30.95,Y
FTX-0000076,FUEL-00012,VEH-00077,CLI-0009,2026-03-09T23:00:00,VIC,Electricity,0,33.93,N
FTX-0000077,FUEL-00012,VEH-00077,CLI-0009,2025-07-16T22:00:00,NT,Electricity,0,13.82,N
FTX-0000078,FUEL-00012,VEH-00077,CLI-0009,2025-06-20T21:00:00,SA,Electricity,0,27.23,N
FTX-0000079,FUEL-00012,VEH-00077,CLI-0009,2025-07-07T17:00:00,TAS,Electricity,0,11.86,Y
FTX-0000080,FUEL-00012,VEH-00077,CLI-0009,2026-01-25T09:00:00,WA,Electricity,0,16.48,N
FTX-0000081,FUEL-00012,VEH-00077,CLI-0009,2026-05-11T12:00:00,WA,Electricity,0,22.35,Y
FTX-0000082,FUEL-00013,VEH-00130,CLI-0011,2025-08-13T23:00:00,WA,Unleaded,76.88,24.85,N
FTX-0000083,FUEL-00013,VEH-00130,CLI-0011,2025-10-31T07:00:00,NT,Premium Unleaded,66.62,30.09,N
FTX-0000084,FUEL-00013,VEH-00130,CLI-0011,2026-05-10T14:00:00,NSW,Unleaded,52.98,83.14,N
FTX-0000085,FUEL-00014,VEH-00083,CLI-0016,2025-12-01T21:00:00,NT,Diesel,35.12,185.08,N
FTX-0000086,FUEL-00014,VEH-00083,CLI-0016,2025-04-30T02:00:00,NSW,Diesel,67.95,45.19,N
FTX-0000087,FUEL-00014,VEH-00083,CLI-0016,2026-04-16T19:00:00,NSW,Unleaded,51.22,152.65,N
FTX-0000088,FUEL-00015,VEH-00002,CLI-0005,2026-02-25T03:00:00,NT,Electricity,0,37.34,N
FTX-0000089,FUEL-00015,VEH-00002,CLI-0005,2026-02-23T03:00:00,VIC,Electricity,0,31.86,N
FTX-0000090,FUEL-00015,VEH-00002,CLI-0005,2025-02-02T06:00:00,ACT,Electricity,0,24.19,Y
FTX-0000091,FUEL-00015,VEH-00002,CLI-0005,2025-06-16T03:00:00,QLD,Electricity,0,23.44,N
FTX-0000092,FUEL-00015,VEH-00002,CLI-0005,2026-01-27T01:00:00,QLD,Electricity,0,24.1,N
FTX-0000093,FUEL-00016,VEH-00030,CLI-0011,2025-10-11T05:00:00,NT,Unleaded,65.17,195.73,N
FTX-0000094,FUEL-00016,VEH-00030,CLI-0011,2026-02-10T20:00:00,ACT,Unleaded,30.27,21.0,Y
FTX-0000095,FUEL-00016,VEH-00030,CLI-0011,2025-01-04T05:00:00,VIC,Diesel,27.0,143.14,N
FTX-0000096,FUEL-00016,VEH-00030,CLI-0011,2026-02-18T15:00:00,QLD,Unleaded,47.81,45.47,N
FTX-0000097,FUEL-00017,VEH-00149,CLI-0013,2026-04-26T05:00:00,NSW,Electricity,0,36.62,Y
FTX-0000098,FUEL-00017,VEH-00149,CLI-0013,2025-11-10T02:00:00,SA,Electricity,0,24.7,N
FTX-0000099,FUEL-00017,VEH-00149,CLI-0013,2025-10-13T07:00:00,WA,Electricity,0,13.64,N
FTX-0000100,FUEL-00017,VEH-00149,CLI-0013,2025-11-13T11:00:00,WA,Electricity,0,30.28,N
FTX-0000101,FUEL-00018,VEH-00088,CLI-0009,2025-12-17T15:00:00,NT,Unleaded,71.39,48.67,N
FTX-0000102,FUEL-00018,VEH-00088,CLI-0009,2025-07-06T09:00:00,WA,Premium Unleaded,25.35,66.27,Y
FTX-0000103,FUEL-00018,VEH-00088,CLI-0009,2026-01-15T01:00:00,QLD,Unleaded,24.69,168.81,Y
FTX-0000104,FUEL-00019,VEH-00102,CLI-0008,2026-01-05T14:00:00,TAS,Electricity,0,28.12,N
FTX-0000105,FUEL-00019,VEH-00102,CLI-0008,2025-04-28T03:00:00,TAS,Electricity,0,18.93,N
FTX-0000106,FUEL-00019,VEH-00102,CLI-0008,2026-01-13T13:00:00,WA,Electricity,0,26.03,N
FTX-0000107,FUEL-00019,VEH-00102,CLI-0008,2025-02-07T15:00:00,NT,Electricity,0,10.61,Y
FTX-0000108,FUEL-00020,VEH-00008,CLI-0018,2025-07-11T04:00:00,NT,Diesel,33.04,55.28,N
FTX-0000109,FUEL-00020,VEH-00008,CLI-0018,2025-04-14T10:00:00,QLD,Unleaded,82.48,150.9,N
FTX-0000110,FUEL-00020,VEH-00008,CLI-0018,2025-02-26T14:00:00,NT,Premium Unleaded,39.4,50.87,N
FTX-0000111,FUEL-00020,VEH-00008,CLI-0018,2025-06-01T19:00:00,QLD,Diesel,35.63,200.93,N
FTX-0000112,FUEL-00020,VEH-00008,CLI-0018,2025-10-11T07:00:00,VIC,Premium Unleaded,57.84,182.54,Y
FTX-0000113,FUEL-00020,VEH-00008,CLI-0018,2025-04-21T18:00:00,NT,Premium Unleaded,75.46,71.6,Y
FTX-0000114,FUEL-00021,VEH-00045,CLI-0013,2025-08-11T18:00:00,WA,Electricity,0,50.81,N
FTX-0000115,FUEL-00021,VEH-00045,CLI-0013,2026-04-13T18:00:00,NSW,Electricity,0,28.05,N
FTX-0000116,FUEL-00021,VEH-00045,CLI-0013,2025-01-21T15:00:00,NSW,Electricity,0,28.43,Y
FTX-0000117,FUEL-00021,VEH-00045,CLI-0013,2025-09-03T22:00:00,VIC,Electricity,0,29.72,N
FTX-0000118,FUEL-00021,VEH-00045,CLI-0013,2025-02-12T17:00:00,NSW,Electricity,0,41.27,Y
FTX-0000119,FUEL-00022,VEH-00050,CLI-0001,2025-02-16T00:00:00,NT,Diesel,36.82,76.53,Y
FTX-0000120,FUEL-00022,VEH-00050,CLI-0001,2026-01-18T18:00:00,NSW,Premium Unleaded,75.19,107.04,N
FTX-0000121,FUEL-00022,VEH-00050,CLI-0001,2025-07-27T05:00:00,TAS,Diesel,76.2,107.14,N
FTX-0000122,FUEL-00022,VEH-00050,CLI-0001,2025-02-06T12:00:00,TAS,Diesel,75.34,24.28,Y
FTX-0000123,FUEL-00022,VEH-00050,CLI-0001,2025-12-24T19:00:00,WA,Diesel,68.68,33.54,N
FTX-0000124,FUEL-00023,VEH-00085,CLI-0005,2025-01-27T03:00:00,ACT,Premium Unleaded,44.57,107.35,N
FTX-0000125,FUEL-00023,VEH-00085,CLI-0005,2025-03-31T20:00:00,VIC,Diesel,44.67,154.19,N
FTX-0000126,FUEL-00023,VEH-00085,CLI-0005,2025-06-21T07:00:00,VIC,Diesel,30.58,109.87,N
FTX-0000127,FUEL-00023,VEH-00085,CLI-0005,2026-01-25T07:00:00,TAS,Premium Unleaded,68.7,190.4,Y
FTX-0000128,FUEL-00023,VEH-00085,CLI-0005,2025-02-02T11:00:00,TAS,Premium Unleaded,39.18,111.36,N
FTX-0000129,FUEL-00023,VEH-00085,CLI-0005,2025-09-30T21:00:00,SA,Premium Unleaded,51.15,137.22,N
FTX-0000130,FUEL-00023,VEH-00085,CLI-0005,2026-03-29T14:00:00,VIC,Unleaded,33.68,93.01,N
FTX-0000131,FUEL-00023,VEH-00085,CLI-0005,2026-05-05T02:00:00,VIC,Unleaded,39.88,70.98,N
FTX-0000132,FUEL-00024,VEH-00107,CLI-0008,2025-01-12T09:00:00,ACT,Diesel,81.03,121.96,N
FTX-0000133,FUEL-00024,VEH-00107,CLI-0008,2025-08-04T14:00:00,NSW,Premium Unleaded,51.38,54.3,N
FTX-0000134,FUEL-00024,VEH-00107,CLI-0008,2025-04-29T16:00:00,TAS,Premium Unleaded,76.05,129.11,N
FTX-0000135,FUEL-00024,VEH-00107,CLI-0008,2025-12-07T22:00:00,NT,Premium Unleaded,52.14,76.38,N
FTX-0000136,FUEL-00024,VEH-00107,CLI-0008,2025-06-06T05:00:00,SA,Unleaded,77.69,110.97,N
FTX-0000137,FUEL-00024,VEH-00107,CLI-0008,2025-01-25T04:00:00,TAS,Premium Unleaded,69.72,105.54,N
FTX-0000138,FUEL-00024,VEH-00107,CLI-0008,2025-03-24T22:00:00,SA,Unleaded,60.36,204.86,N
FTX-0000139,FUEL-00025,VEH-00044,CLI-0013,2025-06-12T18:00:00,QLD,Electricity,0,29.16,N
FTX-0000140,FUEL-00025,VEH-00044,CLI-0013,2025-04-05T06:00:00,NSW,Electricity,0,39.95,N
FTX-0000141,FUEL-00025,VEH-00044,CLI-0013,2025-03-17T11:00:00,NT,Electricity,0,33.91,N
FTX-0000142,FUEL-00026,VEH-00119,CLI-0008,2025-09-13T04:00:00,NT,Premium Unleaded,47.08,47.96,N
FTX-0000143,FUEL-00026,VEH-00119,CLI-0008,2025-06-01T15:00:00,SA,Diesel,62.13,146.04,Y
FTX-0000144,FUEL-00026,VEH-00119,CLI-0008,2025-02-27T23:00:00,NT,Unleaded,43.0,44.77,N
FTX-0000145,FUEL-00027,VEH-00087,CLI-0001,2025-08-17T11:00:00,VIC,Premium Unleaded,74.13,28.57,N
FTX-0000146,FUEL-00027,VEH-00087,CLI-0001,2025-04-24T08:00:00,WA,Unleaded,58.17,34.05,Y
FTX-0000147,FUEL-00027,VEH-00087,CLI-0001,2026-05-06T02:00:00,ACT,Unleaded,63.98,112.17,N
FTX-0000148,FUEL-00027,VEH-00087,CLI-0001,2025-07-04T12:00:00,QLD,Diesel,78.32,181.93,N
FTX-0000149,FUEL-00027,VEH-00087,CLI-0001,2025-01-07T09:00:00,TAS,Premium Unleaded,45.94,77.15,Y
FTX-0000150,FUEL-00027,VEH-00087,CLI-0001,2025-02-14T06:00:00,NT,Diesel,76.21,208.58,Y
FTX-0000151,FUEL-00027,VEH-00087,CLI-0001,2026-02-17T23:00:00,ACT,Diesel,39.9,190.11,N
FTX-0000152,FUEL-00028,VEH-00062,CLI-0010,2025-04-17T09:00:00,NT,Electricity,0,55.44,N
FTX-0000153,FUEL-00028,VEH-00062,CLI-0010,2025-02-03T18:00:00,ACT,Electricity,0,12.25,Y
FTX-0000154,FUEL-00028,VEH-00062,CLI-0010,2025-11-24T08:00:00,ACT,Electricity,0,16.39,Y
FTX-0000155,FUEL-00028,VEH-00062,CLI-0010,2025-12-30T18:00:00,QLD,Electricity,0,17.56,Y
FTX-0000156,FUEL-00029,VEH-00118,CLI-0005,2025-06-04T18:00:00,SA,Premium Unleaded,73.01,125.38,Y
FTX-0000157,FUEL-00029,VEH-00118,CLI-0005,2026-02-10T00:00:00,QLD,Premium Unleaded,35.92,75.63,Y
FTX-0000158,FUEL-00029,VEH-00118,CLI-0005,2025-12-07T09:00:00,ACT,Unleaded,29.7,112.44,N
FTX-0000159,FUEL-00030,VEH-00061,CLI-0018,2025-02-04T19:00:00,TAS,Diesel,83.65,110.25,Y
FTX-0000160,FUEL-00030,VEH-00061,CLI-0018,2025-11-18T21:00:00,NT,Diesel,75.84,175.11,N
FTX-0000161,FUEL-00030,VEH-00061,CLI-0018,2025-10-22T00:00:00,SA,Unleaded,53.78,129.68,N
FTX-0000162,FUEL-00030,VEH-00061,CLI-0018,2026-03-26T22:00:00,QLD,Premium Unleaded,41.82,49.36,N
FTX-0000163,FUEL-00030,VEH-00061,CLI-0018,2025-11-22T11:00:00,NSW,Premium Unleaded,44.39,74.0,N
FTX-0000164,FUEL-00030,VEH-00061,CLI-0018,2026-01-28T20:00:00,QLD,Unleaded,53.86,132.96,N
FTX-0000165,FUEL-00031,VEH-00103,CLI-0003,2026-02-14T09:00:00,SA,Electricity,0,40.9,N
FTX-0000166,FUEL-00031,VEH-00103,CLI-0003,2025-02-19T17:00:00,TAS,Electricity,0,47.52,N
FTX-0000167,FUEL-00031,VEH-00103,CLI-0003,2025-03-12T16:00:00,SA,Electricity,0,25.9,Y
FTX-0000168,FUEL-00031,VEH-00103,CLI-0003,2025-07-30T10:00:00,QLD,Electricity,0,12.92,N
FTX-0000169,FUEL-00031,VEH-00103,CLI-0003,2025-09-15T07:00:00,WA,Electricity,0,46.17,N
FTX-0000170,FUEL-00031,VEH-00103,CLI-0003,2025-08-02T14:00:00,VIC,Electricity,0,13.6,N
FTX-0000171,FUEL-00031,VEH-00103,CLI-0003,2026-04-18T00:00:00,NT,Electricity,0,24.71,N
FTX-0000172,FUEL-00031,VEH-00103,CLI-0003,2025-03-13T14:00:00,TAS,Electricity,0,16.27,N
FTX-0000173,FUEL-00032,VEH-00005,CLI-0010,2025-03-14T22:00:00,WA,Premium Unleaded,75.12,42.07,N
FTX-0000174,FUEL-00032,VEH-00005,CLI-0010,2025-08-06T22:00:00,VIC,Unleaded,82.83,21.61,Y
FTX-0000175,FUEL-00032,VEH-00005,CLI-0010,2025-01-22T06:00:00,VIC,Unleaded,68.95,170.27,N
FTX-0000176,FUEL-00032,VEH-00005,CLI-0010,2026-04-11T08:00:00,NSW,Unleaded,51.08,75.92,N
FTX-0000177,FUEL-00033,VEH-00137,CLI-0010,2025-04-13T05:00:00,TAS,Unleaded,58.43,35.43,N
FTX-0000178,FUEL-00033,VEH-00137,CLI-0010,2025-06-28T11:00:00,QLD,Diesel,80.83,167.91,N
FTX-0000179,FUEL-00033,VEH-00137,CLI-0010,2025-02-04T03:00:00,NSW,Diesel,53.3,59.66,N
FTX-0000180,FUEL-00033,VEH-00137,CLI-0010,2025-03-29T17:00:00,NSW,Diesel,81.78,36.95,N
FTX-0000181,FUEL-00034,VEH-00141,CLI-0011,2025-08-14T21:00:00,VIC,Unleaded,58.54,178.27,Y
FTX-0000182,FUEL-00034,VEH-00141,CLI-0011,2025-09-21T07:00:00,ACT,Unleaded,48.29,164.19,N
FTX-0000183,FUEL-00034,VEH-00141,CLI-0011,2025-02-26T16:00:00,QLD,Premium Unleaded,29.66,164.36,N
FTX-0000184,FUEL-00034,VEH-00141,CLI-0011,2025-01-21T02:00:00,TAS,Premium Unleaded,56.54,40.22,N
FTX-0000185,FUEL-00034,VEH-00141,CLI-0011,2026-01-12T09:00:00,NT,Unleaded,50.33,124.35,N
FTX-0000186,FUEL-00034,VEH-00141,CLI-0011,2025-08-08T06:00:00,VIC,Premium Unleaded,83.07,198.3,N
FTX-0000187,FUEL-00034,VEH-00141,CLI-0011,2025-12-12T15:00:00,VIC,Premium Unleaded,33.12,102.11,N
FTX-0000188,FUEL-00034,VEH-00141,CLI-0011,2025-07-22T12:00:00,VIC,Diesel,29.39,195.66,N
FTX-0000189,FUEL-00035,VEH-00123,CLI-0004,2026-03-09T12:00:00,VIC,Unleaded,34.42,178.92,Y
FTX-0000190,FUEL-00035,VEH-00123,CLI-0004,2026-01-01T18:00:00,SA,Diesel,39.27,199.1,N
FTX-0000191,FUEL-00035,VEH-00123,CLI-0004,2025-11-05T12:00:00,NT,Diesel,51.5,71.55,Y
FTX-0000192,FUEL-00035,VEH-00123,CLI-0004,2025-05-09T15:00:00,NT,Unleaded,28.7,138.65,N
FTX-0000193,FUEL-00035,VEH-00123,CLI-0004,2026-01-13T01:00:00,VIC,Premium Unleaded,23.84,148.2,N
FTX-0000194,FUEL-00036,VEH-00020,CLI-0018,2025-11-16T03:00:00,VIC,Diesel,40.77,162.31,Y
FTX-0000195,FUEL-00036,VEH-00020,CLI-0018,2025-04-14T09:00:00,NT,Premium Unleaded,71.15,114.92,N
FTX-0000196,FUEL-00036,VEH-00020,CLI-0018,2025-10-04T17:00:00,NSW,Unleaded,72.19,208.22,N
FTX-0000197,FUEL-00036,VEH-00020,CLI-0018,2025-06-11T12:00:00,NT,Premium Unleaded,45.79,24.91,N
FTX-0000198,FUEL-00037,VEH-00081,CLI-0005,2025-06-09T22:00:00,ACT,Premium Unleaded,48.7,164.69,Y
FTX-0000199,FUEL-00037,VEH-00081,CLI-0005,2025-12-17T17:00:00,NT,Premium Unleaded,62.92,125.95,N
FTX-0000200,FUEL-00037,VEH-00081,CLI-0005,2025-07-20T08:00:00,NT,Diesel,53.41,204.41,N
FTX-0000201,FUEL-00037,VEH-00081,CLI-0005,2025-05-26T10:00:00,NSW,Unleaded,69.52,131.37,N
FTX-0000202,FUEL-00037,VEH-00081,CLI-0005,2025-06-28T23:00:00,NSW,Diesel,73.89,83.52,N
FTX-0000203,FUEL-00037,VEH-00081,CLI-0005,2025-07-02T13:00:00,TAS,Unleaded,48.55,144.96,N
FTX-0000204,FUEL-00038,VEH-00059,CLI-0007,2026-04-12T22:00:00,VIC,Electricity,0,49.71,N
FTX-0000205,FUEL-00038,VEH-00059,CLI-0007,2025-06-22T05:00:00,NSW,Electricity,0,33.84,N
FTX-0000206,FUEL-00038,VEH-00059,CLI-0007,2025-08-24T21:00:00,ACT,Electricity,0,35.27,Y
FTX-0000207,FUEL-00039,VEH-00111,CLI-0004,2025-01-12T10:00:00,ACT,Electricity,0,35.38,N
FTX-0000208,FUEL-00039,VEH-00111,CLI-0004,2025-10-21T03:00:00,NT,Electricity,0,12.8,N
FTX-0000209,FUEL-00039,VEH-00111,CLI-0004,2025-06-22T15:00:00,TAS,Electricity,0,16.0,N
FTX-0000210,FUEL-00039,VEH-00111,CLI-0004,2025-07-06T13:00:00,WA,Electricity,0,31.85,N
FTX-0000211,FUEL-00039,VEH-00111,CLI-0004,2026-03-07T17:00:00,WA,Electricity,0,21.79,N
FTX-0000212,FUEL-00039,VEH-00111,CLI-0004,2025-06-02T18:00:00,ACT,Electricity,0,46.62,N
FTX-0000213,FUEL-00039,VEH-00111,CLI-0004,2026-01-03T18:00:00,VIC,Electricity,0,36.41,N
FTX-0000214,FUEL-00040,VEH-00069,CLI-0004,2025-06-27T02:00:00,SA,Diesel,48.48,172.39,Y
FTX-0000215,FUEL-00040,VEH-00069,CLI-0004,2025-06-10T06:00:00,ACT,Premium Unleaded,63.13,66.24,Y
FTX-0000216,FUEL-00040,VEH-00069,CLI-0004,2025-10-08T05:00:00,NSW,Diesel,63.64,153.04,N
FTX-0000217,FUEL-00040,VEH-00069,CLI-0004,2025-04-20T21:00:00,NT,Premium Unleaded,57.76,197.94,Y
FTX-0000218,FUEL-00040,VEH-00069,CLI-0004,2026-01-08T20:00:00,NSW,Diesel,79.95,56.52,Y
FTX-0000219,FUEL-00040,VEH-00069,CLI-0004,2025-03-19T23:00:00,SA,Premium Unleaded,31.16,96.77,N
FTX-0000220,FUEL-00041,VEH-00043,CLI-0013,2025-11-27T05:00:00,SA,Diesel,73.07,133.44,Y
FTX-0000221,FUEL-00041,VEH-00043,CLI-0013,2025-03-18T06:00:00,NSW,Unleaded,36.79,171.03,N
FTX-0000222,FUEL-00041,VEH-00043,CLI-0013,2025-10-14T13:00:00,ACT,Diesel,50.78,191.89,N
FTX-0000223,FUEL-00041,VEH-00043,CLI-0013,2025-03-11T00:00:00,SA,Premium Unleaded,31.88,144.46,N
FTX-0000224,FUEL-00041,VEH-00043,CLI-0013,2025-01-22T23:00:00,NT,Unleaded,61.95,28.62,N
FTX-0000225,FUEL-00042,VEH-00060,CLI-0017,2026-04-07T13:00:00,TAS,Electricity,0,40.24,N
FTX-0000226,FUEL-00042,VEH-00060,CLI-0017,2025-07-23T23:00:00,QLD,Electricity,0,19.33,N
FTX-0000227,FUEL-00042,VEH-00060,CLI-0017,2025-09-25T21:00:00,SA,Electricity,0,31.83,N
FTX-0000228,FUEL-00043,VEH-00101,CLI-0005,2025-10-27T23:00:00,ACT,Diesel,42.42,160.84,Y
FTX-0000229,FUEL-00043,VEH-00101,CLI-0005,2025-02-24T05:00:00,WA,Premium Unleaded,35.52,102.38,N
FTX-0000230,FUEL-00043,VEH-00101,CLI-0005,2025-01-29T15:00:00,TAS,Diesel,75.5,200.15,N
FTX-0000231,FUEL-00043,VEH-00101,CLI-0005,2025-09-01T21:00:00,WA,Premium Unleaded,55.84,186.85,N
FTX-0000232,FUEL-00043,VEH-00101,CLI-0005,2026-01-02T11:00:00,SA,Unleaded,44.51,141.92,N
FTX-0000233,FUEL-00044,VEH-00105,CLI-0015,2025-06-08T20:00:00,TAS,Diesel,56.27,41.43,N
FTX-0000234,FUEL-00044,VEH-00105,CLI-0015,2025-07-18T00:00:00,ACT,Premium Unleaded,75.17,75.77,N
FTX-0000235,FUEL-00044,VEH-00105,CLI-0015,2026-03-17T05:00:00,NT,Diesel,40.44,78.9,Y
FTX-0000236,FUEL-00044,VEH-00105,CLI-0015,2025-05-21T02:00:00,NT,Premium Unleaded,70.94,159.49,N
FTX-0000237,FUEL-00044,VEH-00105,CLI-0015,2026-03-25T03:00:00,QLD,Diesel,66.48,68.11,N
FTX-0000238,FUEL-00045,VEH-00053,CLI-0017,2026-01-13T10:00:00,NT,Diesel,72.43,23.25,N
FTX-0000239,FUEL-00045,VEH-00053,CLI-0017,2025-04-05T20:00:00,NT,Diesel,61.77,44.13,Y
FTX-0000240,FUEL-00045,VEH-00053,CLI-0017,2025-06-06T10:00:00,VIC,Unleaded,34.4,48.3,N
FTX-0000241,FUEL-00045,VEH-00053,CLI-0017,2025-12-18T13:00:00,TAS,Premium Unleaded,74.51,109.85,N
FTX-0000242,FUEL-00045,VEH-00053,CLI-0017,2025-12-18T18:00:00,TAS,Premium Unleaded,38.16,56.14,Y
FTX-0000243,FUEL-00045,VEH-00053,CLI-0017,2025-07-21T12:00:00,WA,Unleaded,44.79,200.04,N
FTX-0000244,FUEL-00045,VEH-00053,CLI-0017,2026-05-14T14:00:00,WA,Premium Unleaded,78.22,152.64,N
FTX-0000245,FUEL-00045,VEH-00053,CLI-0017,2025-11-13T13:00:00,SA,Unleaded,25.09,35.1,N
FTX-0000246,FUEL-00046,VEH-00096,CLI-0005,2025-08-11T14:00:00,NT,Unleaded,66.55,61.1,N
FTX-0000247,FUEL-00046,VEH-00096,CLI-0005,2026-03-18T08:00:00,SA,Diesel,33.81,112.88,N
FTX-0000248,FUEL-00046,VEH-00096,CLI-0005,2025-04-16T19:00:00,WA,Premium Unleaded,48.74,157.53,N
FTX-0000249,FUEL-00047,VEH-00131,CLI-0003,2025-01-15T09:00:00,SA,Electricity,0,19.3,Y
FTX-0000250,FUEL-00047,VEH-00131,CLI-0003,2026-04-10T07:00:00,TAS,Electricity,0,35.98,Y
FTX-0000251,FUEL-00047,VEH-00131,CLI-0003,2025-02-13T00:00:00,NT,Electricity,0,14.39,N
FTX-0000252,FUEL-00047,VEH-00131,CLI-0003,2026-05-14T22:00:00,ACT,Electricity,0,40.97,Y
FTX-0000253,FUEL-00048,VEH-00067,CLI-0010,2025-10-13T01:00:00,NSW,Premium Unleaded,26.53,196.76,Y
FTX-0000254,FUEL-00048,VEH-00067,CLI-0010,2025-11-07T21:00:00,NSW,Unleaded,78.31,66.7,Y
FTX-0000255,FUEL-00048,VEH-00067,CLI-0010,2025-07-22T21:00:00,TAS,Unleaded,40.76,203.87,N
FTX-0000256,FUEL-00048,VEH-00067,CLI-0010,2025-05-14T05:00:00,NT,Premium Unleaded,57.99,186.56,N
FTX-0000257,FUEL-00048,VEH-00067,CLI-0010,2025-12-30T16:00:00,ACT,Unleaded,27.56,68.0,N
FTX-0000258,FUEL-00049,VEH-00039,CLI-0018,2026-04-20T13:00:00,SA,Premium Unleaded,68.37,135.68,N
FTX-0000259,FUEL-00049,VEH-00039,CLI-0018,2025-08-12T05:00:00,TAS,Diesel,54.05,208.96,N
FTX-0000260,FUEL-00049,VEH-00039,CLI-0018,2026-04-18T21:00:00,NT,Unleaded,56.45,54.27,N
FTX-0000261,FUEL-00049,VEH-00039,CLI-0018,2025-01-19T15:00:00,SA,Unleaded,36.25,153.54,Y
FTX-0000262,FUEL-00049,VEH-00039,CLI-0018,2026-04-04T15:00:00,NSW,Premium Unleaded,29.19,86.45,Y
FTX-0000263,FUEL-00050,VEH-00143,CLI-0004,2025-03-05T11:00:00,VIC,Unleaded,75.75,184.69,N
FTX-0000264,FUEL-00050,VEH-00143,CLI-0004,2026-01-19T16:00:00,SA,Diesel,73.77,189.05,N
FTX-0000265,FUEL-00050,VEH-00143,CLI-0004,2026-05-13T00:00:00,QLD,Premium Unleaded,58.18,194.72,N
FTX-0000266,FUEL-00050,VEH-00143,CLI-0004,2025-12-13T03:00:00,TAS,Unleaded,69.63,72.58,N
FTX-0000267,FUEL-00050,VEH-00143,CLI-0004,2025-10-30T03:00:00,TAS,Unleaded,46.44,23.54,Y
FTX-0000268,FUEL-00050,VEH-00143,CLI-0004,2025-12-04T15:00:00,NT,Diesel,73.5,201.4,N
FTX-0000269,FUEL-00050,VEH-00143,CLI-0004,2025-01-23T20:00:00,NT,Premium Unleaded,42.42,199.9,N
FTX-0000270,FUEL-00050,VEH-00143,CLI-0004,2025-01-25T20:00:00,SA,Premium Unleaded,35.1,171.24,N
FTX-0000271,FUEL-00051,VEH-00093,CLI-0011,2025-07-24T08:00:00,QLD,Electricity,0,19.52,Y
FTX-0000272,FUEL-00051,VEH-00093,CLI-0011,2025-02-15T00:00:00,WA,Electricity,0,15.82,Y
FTX-0000273,FUEL-00051,VEH-00093,CLI-0011,2025-05-26T20:00:00,QLD,Electricity,0,13.79,Y
FTX-0000274,FUEL-00052,VEH-00124,CLI-0007,2025-02-19T11:00:00,WA,Premium Unleaded,44.26,103.52,Y
FTX-0000275,FUEL-00052,VEH-00124,CLI-0007,2025-10-16T19:00:00,ACT,Unleaded,51.54,163.25,N
FTX-0000276,FUEL-00052,VEH-00124,CLI-0007,2025-08-11T20:00:00,ACT,Unleaded,60.06,25.76,N
FTX-0000277,FUEL-00052,VEH-00124,CLI-0007,2025-12-13T07:00:00,QLD,Premium Unleaded,82.34,119.24,N
FTX-0000278,FUEL-00053,VEH-00041,CLI-0005,2026-04-10T15:00:00,SA,Electricity,0,15.13,N
FTX-0000279,FUEL-00053,VEH-00041,CLI-0005,2025-12-17T09:00:00,WA,Electricity,0,33.11,N
FTX-0000280,FUEL-00053,VEH-00041,CLI-0005,2025-10-19T01:00:00,VIC,Electricity,0,52.03,N
FTX-0000281,FUEL-00054,VEH-00072,CLI-0014,2025-08-26T21:00:00,SA,Electricity,0,25.06,N
FTX-0000282,FUEL-00054,VEH-00072,CLI-0014,2026-01-29T16:00:00,NSW,Electricity,0,13.47,Y
FTX-0000283,FUEL-00054,VEH-00072,CLI-0014,2025-04-02T05:00:00,ACT,Electricity,0,10.17,Y
FTX-0000284,FUEL-00055,VEH-00112,CLI-0018,2026-01-06T14:00:00,NT,Electricity,0,37.94,N
FTX-0000285,FUEL-00055,VEH-00112,CLI-0018,2025-06-24T05:00:00,WA,Electricity,0,16.88,N
FTX-0000286,FUEL-00055,VEH-00112,CLI-0018,2026-03-23T21:00:00,VIC,Electricity,0,28.82,N
FTX-0000287,FUEL-00055,VEH-00112,CLI-0018,2025-01-03T12:00:00,VIC,Electricity,0,8.64,Y
FTX-0000288,FUEL-00055,VEH-00112,CLI-0018,2025-08-24T22:00:00,ACT,Electricity,0,49.7,Y
FTX-0000289,FUEL-00055,VEH-00112,CLI-0018,2025-06-05T19:00:00,TAS,Electricity,0,41.15,Y
FTX-0000290,FUEL-00055,VEH-00112,CLI-0018,2026-02-16T09:00:00,VIC,Electricity,0,14.0,N
FTX-0000291,FUEL-00056,VEH-00145,CLI-0014,2026-03-16T00:00:00,WA,Premium Unleaded,82.17,142.54,N
FTX-0000292,FUEL-00056,VEH-00145,CLI-0014,2025-11-17T17:00:00,WA,Unleaded,49.02,75.78,Y
FTX-0000293,FUEL-00056,VEH-00145,CLI-0014,2025-08-05T00:00:00,VIC,Unleaded,31.19,191.26,Y
FTX-0000294,FUEL-00056,VEH-00145,CLI-0014,2025-08-30T00:00:00,NT,Diesel,81.76,64.58,N
FTX-0000295,FUEL-00056,VEH-00145,CLI-0014,2026-03-03T12:00:00,NSW,Premium Unleaded,57.3,19.51,Y
FTX-0000296,FUEL-00056,VEH-00145,CLI-0014,2026-03-11T15:00:00,SA,Unleaded,82.73,111.6,Y
FTX-0000297,FUEL-00056,VEH-00145,CLI-0014,2026-01-07T19:00:00,NT,Unleaded,53.83,155.14,N
FTX-0000298,FUEL-00056,VEH-00145,CLI-0014,2025-06-11T17:00:00,VIC,Premium Unleaded,48.16,189.43,Y
FTX-0000299,FUEL-00057,VEH-00027,CLI-0004,2025-06-27T14:00:00,ACT,Unleaded,80.22,48.98,N
FTX-0000300,FUEL-00057,VEH-00027,CLI-0004,2025-08-13T07:00:00,WA,Diesel,51.09,192.54,N
FTX-0000301,FUEL-00057,VEH-00027,CLI-0004,2026-03-13T22:00:00,NT,Unleaded,79.15,187.57,Y
FTX-0000302,FUEL-00057,VEH-00027,CLI-0004,2026-03-03T21:00:00,TAS,Premium Unleaded,81.51,171.55,N
FTX-0000303,FUEL-00057,VEH-00027,CLI-0004,2025-05-25T22:00:00,VIC,Diesel,60.55,110.71,N
FTX-0000304,FUEL-00057,VEH-00027,CLI-0004,2025-11-07T15:00:00,VIC,Premium Unleaded,34.37,199.07,Y
FTX-0000305,FUEL-00057,VEH-00027,CLI-0004,2025-04-18T17:00:00,NSW,Unleaded,40.83,86.89,N
FTX-0000306,FUEL-00058,VEH-00074,CLI-0018,2025-01-17T02:00:00,TAS,Electricity,0,28.67,N
FTX-0000307,FUEL-00058,VEH-00074,CLI-0018,2025-03-03T17:00:00,WA,Electricity,0,31.35,N
FTX-0000308,FUEL-00058,VEH-00074,CLI-0018,2026-02-06T11:00:00,NSW,Electricity,0,44.96,N
FTX-0000309,FUEL-00058,VEH-00074,CLI-0018,2026-04-04T04:00:00,VIC,Electricity,0,41.91,Y
FTX-0000310,FUEL-00058,VEH-00074,CLI-0018,2026-02-14T14:00:00,VIC,Electricity,0,54.78,N
FTX-0000311,FUEL-00058,VEH-00074,CLI-0018,2026-02-26T17:00:00,NSW,Electricity,0,32.35,N
FTX-0000312,FUEL-00058,VEH-00074,CLI-0018,2025-11-19T03:00:00,WA,Electricity,0,51.73,N
FTX-0000313,FUEL-00059,VEH-00133,CLI-0012,2026-03-22T03:00:00,QLD,Diesel,52.9,87.84,N
FTX-0000314,FUEL-00059,VEH-00133,CLI-0012,2025-04-14T14:00:00,ACT,Unleaded,29.62,65.1,Y
FTX-0000315,FUEL-00059,VEH-00133,CLI-0012,2025-09-16T05:00:00,VIC,Premium Unleaded,43.16,89.51,Y
FTX-0000316,FUEL-00059,VEH-00133,CLI-0012,2025-12-07T07:00:00,QLD,Diesel,44.36,98.97,N
FTX-0000317,FUEL-00059,VEH-00133,CLI-0012,2025-08-08T13:00:00,ACT,Premium Unleaded,30.56,200.75,N
FTX-0000318,FUEL-00059,VEH-00133,CLI-0012,2025-08-15T04:00:00,NSW,Diesel,80.51,172.8,N
FTX-0000319,FUEL-00059,VEH-00133,CLI-0012,2025-06-11T12:00:00,QLD,Premium Unleaded,27.26,29.8,N
FTX-0000320,FUEL-00060,VEH-00110,CLI-0014,2026-01-01T21:00:00,SA,Premium Unleaded,82.62,95.18,N
FTX-0000321,FUEL-00060,VEH-00110,CLI-0014,2025-06-10T11:00:00,NSW,Premium Unleaded,66.74,190.84,N
FTX-0000322,FUEL-00060,VEH-00110,CLI-0014,2025-08-17T20:00:00,WA,Diesel,65.42,137.88,Y
FTX-0000323,FUEL-00061,VEH-00046,CLI-0013,2026-03-28T09:00:00,VIC,Electricity,0,9.77,N
FTX-0000324,FUEL-00061,VEH-00046,CLI-0013,2025-07-19T23:00:00,QLD,Electricity,0,32.98,N
FTX-0000325,FUEL-00061,VEH-00046,CLI-0013,2025-04-20T02:00:00,SA,Electricity,0,33.02,N
FTX-0000326,FUEL-00061,VEH-00046,CLI-0013,2025-01-12T00:00:00,SA,Electricity,0,19.58,N
FTX-0000327,FUEL-00062,VEH-00009,CLI-0008,2026-03-07T11:00:00,SA,Diesel,67.38,115.44,N
FTX-0000328,FUEL-00062,VEH-00009,CLI-0008,2025-11-30T03:00:00,NT,Premium Unleaded,24.96,127.91,N
FTX-0000329,FUEL-00062,VEH-00009,CLI-0008,2025-05-01T23:00:00,WA,Premium Unleaded,50.1,75.45,N
FTX-0000330,FUEL-00063,VEH-00115,CLI-0011,2025-05-07T03:00:00,TAS,Electricity,0,32.79,N
FTX-0000331,FUEL-00063,VEH-00115,CLI-0011,2026-02-26T11:00:00,NT,Electricity,0,12.7,Y
FTX-0000332,FUEL-00063,VEH-00115,CLI-0011,2026-03-01T13:00:00,VIC,Electricity,0,12.43,Y
FTX-0000333,FUEL-00063,VEH-00115,CLI-0011,2026-03-31T04:00:00,NT,Electricity,0,18.31,N
FTX-0000334,FUEL-00063,VEH-00115,CLI-0011,2025-07-09T21:00:00,ACT,Electricity,0,36.24,Y
FTX-0000335,FUEL-00063,VEH-00115,CLI-0011,2026-03-23T08:00:00,NT,Electricity,0,38.55,Y
FTX-0000336,FUEL-00063,VEH-00115,CLI-0011,2025-12-19T15:00:00,ACT,Electricity,0,47.54,N
FTX-0000337,FUEL-00063,VEH-00115,CLI-0011,2025-09-16T04:00:00,NT,Electricity,0,42.14,N
FTX-0000338,FUEL-00064,VEH-00036,CLI-0003,2025-12-22T06:00:00,NT,Electricity,0,30.72,N
FTX-0000339,FUEL-00064,VEH-00036,CLI-0003,2026-04-29T17:00:00,TAS,Electricity,0,52.24,N
FTX-0000340,FUEL-00064,VEH-00036,CLI-0003,2025-11-05T13:00:00,VIC,Electricity,0,13.8,N
FTX-0000341,FUEL-00065,VEH-00004,CLI-0011,2025-07-11T09:00:00,SA,Premium Unleaded,45.03,23.37,N
FTX-0000342,FUEL-00065,VEH-00004,CLI-0011,2025-10-29T13:00:00,NSW,Premium Unleaded,30.81,188.7,N
FTX-0000343,FUEL-00065,VEH-00004,CLI-0011,2026-01-14T15:00:00,NSW,Unleaded,33.35,123.13,N
FTX-0000344,FUEL-00066,VEH-00126,CLI-0017,2025-08-20T10:00:00,ACT,Premium Unleaded,41.2,178.22,N
FTX-0000345,FUEL-00066,VEH-00126,CLI-0017,2025-09-16T20:00:00,NT,Premium Unleaded,69.24,146.11,N
FTX-0000346,FUEL-00066,VEH-00126,CLI-0017,2025-06-16T02:00:00,ACT,Premium Unleaded,75.71,62.7,Y
FTX-0000347,FUEL-00066,VEH-00126,CLI-0017,2025-01-24T21:00:00,NT,Diesel,43.02,71.26,N
FTX-0000348,FUEL-00066,VEH-00126,CLI-0017,2025-12-29T00:00:00,SA,Diesel,75.69,141.87,N
FTX-0000349,FUEL-00066,VEH-00126,CLI-0017,2025-11-13T17:00:00,NSW,Diesel,33.93,118.18,Y
FTX-0000350,FUEL-00066,VEH-00126,CLI-0017,2025-01-10T03:00:00,QLD,Unleaded,53.16,70.79,N
FTX-0000351,FUEL-00067,VEH-00049,CLI-0009,2026-02-18T17:00:00,TAS,Electricity,0,27.29,N
FTX-0000352,FUEL-00067,VEH-00049,CLI-0009,2025-09-09T00:00:00,TAS,Electricity,0,28.98,Y
FTX-0000353,FUEL-00067,VEH-00049,CLI-0009,2025-01-13T16:00:00,TAS,Electricity,0,26.34,N
FTX-0000354,FUEL-00068,VEH-00114,CLI-0001,2025-04-04T08:00:00,VIC,Unleaded,39.69,76.9,Y
FTX-0000355,FUEL-00068,VEH-00114,CLI-0001,2025-01-31T19:00:00,TAS,Unleaded,64.07,23.22,N
FTX-0000356,FUEL-00068,VEH-00114,CLI-0001,2025-02-20T10:00:00,QLD,Premium Unleaded,40.48,189.46,N
FTX-0000357,FUEL-00068,VEH-00114,CLI-0001,2026-02-28T03:00:00,NSW,Unleaded,45.28,64.01,N
FTX-0000358,FUEL-00069,VEH-00127,CLI-0017,2026-05-02T03:00:00,SA,Electricity,0,10.91,Y
FTX-0000359,FUEL-00069,VEH-00127,CLI-0017,2025-10-11T13:00:00,VIC,Electricity,0,31.24,Y
FTX-0000360,FUEL-00069,VEH-00127,CLI-0017,2025-11-21T07:00:00,NSW,Electricity,0,20.92,N
FTX-0000361,FUEL-00069,VEH-00127,CLI-0017,2025-05-07T17:00:00,QLD,Electricity,0,22.62,Y
FTX-0000362,FUEL-00069,VEH-00127,CLI-0017,2025-08-17T02:00:00,WA,Electricity,0,45.58,N
FTX-0000363,FUEL-00069,VEH-00127,CLI-0017,2025-07-11T17:00:00,QLD,Electricity,0,45.54,Y
FTX-0000364,FUEL-00070,VEH-00022,CLI-0004,2026-05-08T19:00:00,SA,Diesel,72.38,204.64,N
FTX-0000365,FUEL-00070,VEH-00022,CLI-0004,2026-04-17T15:00:00,SA,Diesel,25.73,66.17,Y
FTX-0000366,FUEL-00070,VEH-00022,CLI-0004,2026-03-08T20:00:00,WA,Diesel,83.95,179.41,N
FTX-0000367,FUEL-00071,VEH-00100,CLI-0007,2025-02-15T12:00:00,VIC,Unleaded,26.34,157.21,N
FTX-0000368,FUEL-00071,VEH-00100,CLI-0007,2025-04-18T19:00:00,TAS,Diesel,76.45,199.52,N
FTX-0000369,FUEL-00071,VEH-00100,CLI-0007,2025-12-29T14:00:00,SA,Unleaded,82.74,145.16,N
FTX-0000370,FUEL-00071,VEH-00100,CLI-0007,2025-08-24T19:00:00,TAS,Unleaded,43.18,193.49,N
FTX-0000371,FUEL-00071,VEH-00100,CLI-0007,2025-01-02T19:00:00,NT,Unleaded,62.08,191.08,N
FTX-0000372,FUEL-00071,VEH-00100,CLI-0007,2026-04-04T22:00:00,NT,Premium Unleaded,47.62,121.32,N
FTX-0000373,FUEL-00071,VEH-00100,CLI-0007,2026-04-02T21:00:00,NT,Diesel,55.4,41.7,Y
FTX-0000374,FUEL-00072,VEH-00078,CLI-0003,2026-03-06T22:00:00,NSW,Electricity,0,13.99,N
FTX-0000375,FUEL-00072,VEH-00078,CLI-0003,2026-04-25T06:00:00,NT,Electricity,0,8.45,N
FTX-0000376,FUEL-00072,VEH-00078,CLI-0003,2026-01-24T08:00:00,TAS,Electricity,0,17.19,N
FTX-0000377,FUEL-00072,VEH-00078,CLI-0003,2026-02-18T22:00:00,WA,Electricity,0,19.24,Y
FTX-0000378,FUEL-00073,VEH-00129,CLI-0017,2025-12-28T19:00:00,WA,Unleaded,78.08,55.65,Y
FTX-0000379,FUEL-00073,VEH-00129,CLI-0017,2025-05-23T18:00:00,NT,Unleaded,28.88,123.94,N
FTX-0000380,FUEL-00073,VEH-00129,CLI-0017,2025-03-07T23:00:00,VIC,Unleaded,26.05,67.85,N
FTX-0000381,FUEL-00073,VEH-00129,CLI-0017,2026-01-09T08:00:00,WA,Diesel,76.62,22.44,N
FTX-0000382,FUEL-00073,VEH-00129,CLI-0017,2026-03-29T14:00:00,NSW,Premium Unleaded,64.2,141.07,N
FTX-0000383,FUEL-00073,VEH-00129,CLI-0017,2025-06-15T13:00:00,ACT,Premium Unleaded,74.94,41.37,Y
FTX-0000384,FUEL-00074,VEH-00024,CLI-0014,2025-04-25T01:00:00,SA,Premium Unleaded,76.8,120.22,N
FTX-0000385,FUEL-00074,VEH-00024,CLI-0014,2025-04-10T10:00:00,VIC,Diesel,22.32,173.07,N
FTX-0000386,FUEL-00074,VEH-00024,CLI-0014,2025-08-05T02:00:00,WA,Unleaded,82.64,49.58,N
FTX-0000387,FUEL-00075,VEH-00015,CLI-0013,2025-08-10T00:00:00,TAS,Electricity,0,48.34,N
FTX-0000388,FUEL-00075,VEH-00015,CLI-0013,2025-02-25T15:00:00,WA,Electricity,0,54.02,N
FTX-0000389,FUEL-00075,VEH-00015,CLI-0013,2026-02-25T10:00:00,WA,Electricity,0,53.29,Y
FTX-0000390,FUEL-00075,VEH-00015,CLI-0013,2026-01-27T03:00:00,NT,Electricity,0,35.79,N
FTX-0000391,FUEL-00075,VEH-00015,CLI-0013,2026-05-14T01:00:00,NSW,Electricity,0,26.11,N
FTX-0000392,FUEL-00075,VEH-00015,CLI-0013,2026-02-05T04:00:00,NSW,Electricity,0,52.12,Y
FTX-0000393,FUEL-00076,VEH-00040,CLI-0008,2025-08-10T02:00:00,VIC,Electricity,0,40.52,N
FTX-0000394,FUEL-00076,VEH-00040,CLI-0008,2025-05-31T12:00:00,ACT,Electricity,0,12.6,Y
FTX-0000395,FUEL-00076,VEH-00040,CLI-0008,2025-04-30T19:00:00,NSW,Electricity,0,29.76,Y
FTX-0000396,FUEL-00076,VEH-00040,CLI-0008,2026-02-12T13:00:00,VIC,Electricity,0,24.3,N
FTX-0000397,FUEL-00076,VEH-00040,CLI-0008,2025-08-21T16:00:00,TAS,Electricity,0,36.22,N
FTX-0000398,FUEL-00076,VEH-00040,CLI-0008,2025-02-22T00:00:00,VIC,Electricity,0,36.46,N
FTX-0000399,FUEL-00076,VEH-00040,CLI-0008,2026-04-09T18:00:00,QLD,Electricity,0,38.59,N
FTX-0000400,FUEL-00076,VEH-00040,CLI-0008,2025-07-01T13:00:00,NT,Electricity,0,42.78,Y
FTX-0000401,FUEL-00077,VEH-00098,CLI-0012,2025-01-31T04:00:00,SA,Electricity,0,36.06,N
FTX-0000402,FUEL-00077,VEH-00098,CLI-0012,2025-06-09T18:00:00,QLD,Electricity,0,15.08,N
FTX-0000403,FUEL-00077,VEH-00098,CLI-0012,2025-11-05T10:00:00,SA,Electricity,0,25.7,N
FTX-0000404,FUEL-00078,VEH-00125,CLI-0011,2025-05-02T16:00:00,NSW,Electricity,0,28.26,N
FTX-0000405,FUEL-00078,VEH-00125,CLI-0011,2026-05-15T06:00:00,WA,Electricity,0,45.69,N
FTX-0000406,FUEL-00078,VEH-00125,CLI-0011,2025-04-07T21:00:00,NT,Electricity,0,41.35,Y
FTX-0000407,FUEL-00079,VEH-00035,CLI-0011,2025-11-12T09:00:00,ACT,Premium Unleaded,81.71,49.16,Y
FTX-0000408,FUEL-00079,VEH-00035,CLI-0011,2026-04-12T01:00:00,NT,Unleaded,76.32,194.63,N
FTX-0000409,FUEL-00079,VEH-00035,CLI-0011,2025-08-27T19:00:00,WA,Unleaded,64.98,110.3,N
FTX-0000410,FUEL-00079,VEH-00035,CLI-0011,2025-07-12T06:00:00,ACT,Unleaded,72.05,176.61,N
FTX-0000411,FUEL-00079,VEH-00035,CLI-0011,2025-02-07T11:00:00,NSW,Diesel,44.49,40.12,N
FTX-0000412,FUEL-00079,VEH-00035,CLI-0011,2025-11-20T18:00:00,TAS,Unleaded,49.31,205.26,N
FTX-0000413,FUEL-00079,VEH-00035,CLI-0011,2025-03-31T07:00:00,SA,Diesel,34.27,51.46,N
FTX-0000414,FUEL-00080,VEH-00106,CLI-0017,2026-03-08T08:00:00,VIC,Electricity,0,9.01,N
FTX-0000415,FUEL-00080,VEH-00106,CLI-0017,2025-07-14T20:00:00,VIC,Electricity,0,24.24,N
FTX-0000416,FUEL-00080,VEH-00106,CLI-0017,2025-06-06T14:00:00,WA,Electricity,0,25.74,N
FTX-0000417,FUEL-00080,VEH-00106,CLI-0017,2025-12-05T05:00:00,ACT,Electricity,0,50.16,N
FTX-0000418,FUEL-00081,VEH-00150,CLI-0004,2025-04-09T17:00:00,ACT,Electricity,0,41.33,N
FTX-0000419,FUEL-00081,VEH-00150,CLI-0004,2025-11-03T13:00:00,WA,Electricity,0,52.21,N
FTX-0000420,FUEL-00081,VEH-00150,CLI-0004,2026-03-14T17:00:00,SA,Electricity,0,45.9,N
FTX-0000421,FUEL-00081,VEH-00150,CLI-0004,2025-05-07T01:00:00,SA,Electricity,0,49.9,Y
FTX-0000422,FUEL-00082,VEH-00064,CLI-0014,2025-11-11T02:00:00,QLD,Electricity,0,32.41,N
FTX-0000423,FUEL-00082,VEH-00064,CLI-0014,2025-09-13T16:00:00,NT,Electricity,0,16.59,N
FTX-0000424,FUEL-00082,VEH-00064,CLI-0014,2025-09-27T22:00:00,NT,Electricity,0,42.35,Y
FTX-0000425,FUEL-00082,VEH-00064,CLI-0014,2025-08-31T08:00:00,ACT,Electricity,0,38.63,N
FTX-0000426,FUEL-00082,VEH-00064,CLI-0014,2025-04-17T07:00:00,WA,Electricity,0,29.7,N
FTX-0000427,FUEL-00082,VEH-00064,CLI-0014,2025-07-22T06:00:00,SA,Electricity,0,28.4,Y
FTX-0000428,FUEL-00082,VEH-00064,CLI-0014,2025-10-20T05:00:00,TAS,Electricity,0,20.22,N
FTX-0000429,FUEL-00082,VEH-00064,CLI-0014,2025-03-10T02:00:00,SA,Electricity,0,29.34,N
FTX-0000430,FUEL-00083,VEH-00031,CLI-0017,2025-06-22T13:00:00,NT,Premium Unleaded,53.76,101.04,N
FTX-0000431,FUEL-00083,VEH-00031,CLI-0017,2025-06-12T08:00:00,ACT,Unleaded,71.88,52.48,N
FTX-0000432,FUEL-00083,VEH-00031,CLI-0017,2025-02-08T11:00:00,VIC,Premium Unleaded,38.47,179.78,N
FTX-0000433,FUEL-00083,VEH-00031,CLI-0017,2026-04-20T07:00:00,VIC,Unleaded,70.72,31.7,N
FTX-0000434,FUEL-00083,VEH-00031,CLI-0017,2025-06-20T06:00:00,TAS,Premium Unleaded,55.85,76.12,N
FTX-0000435,FUEL-00083,VEH-00031,CLI-0017,2025-11-06T04:00:00,SA,Unleaded,33.82,165.85,N
FTX-0000436,FUEL-00084,VEH-00048,CLI-0001,2026-01-23T20:00:00,NSW,Electricity,0,30.66,N
FTX-0000437,FUEL-00084,VEH-00048,CLI-0001,2026-03-20T12:00:00,WA,Electricity,0,18.89,N
FTX-0000438,FUEL-00084,VEH-00048,CLI-0001,2025-08-31T07:00:00,NT,Electricity,0,42.68,Y
FTX-0000439,FUEL-00084,VEH-00048,CLI-0001,2025-06-24T02:00:00,TAS,Electricity,0,48.6,Y
FTX-0000440,FUEL-00084,VEH-00048,CLI-0001,2026-01-30T22:00:00,ACT,Electricity,0,18.06,Y
FTX-0000441,FUEL-00084,VEH-00048,CLI-0001,2026-03-13T17:00:00,NSW,Electricity,0,25.99,N
FTX-0000442,FUEL-00084,VEH-00048,CLI-0001,2025-06-06T23:00:00,NSW,Electricity,0,31.99,N
FTX-0000443,FUEL-00085,VEH-00058,CLI-0018,2025-12-18T12:00:00,SA,Electricity,0,23.65,N
FTX-0000444,FUEL-00085,VEH-00058,CLI-0018,2025-10-18T01:00:00,QLD,Electricity,0,15.38,N
FTX-0000445,FUEL-00085,VEH-00058,CLI-0018,2025-10-18T20:00:00,ACT,Electricity,0,55.05,N
FTX-0000446,FUEL-00085,VEH-00058,CLI-0018,2026-05-01T12:00:00,VIC,Electricity,0,33.66,N
FTX-0000447,FUEL-00085,VEH-00058,CLI-0018,2025-09-01T03:00:00,TAS,Electricity,0,35.34,Y
FTX-0000448,FUEL-00085,VEH-00058,CLI-0018,2025-11-24T09:00:00,VIC,Electricity,0,16.23,N
FTX-0000449,FUEL-00086,VEH-00132,CLI-0018,2025-02-05T12:00:00,SA,Unleaded,33.57,62.74,N
FTX-0000450,FUEL-00086,VEH-00132,CLI-0018,2025-07-08T16:00:00,NSW,Unleaded,50.19,80.74,Y
FTX-0000451,FUEL-00086,VEH-00132,CLI-0018,2025-02-26T04:00:00,ACT,Premium Unleaded,46.25,160.68,Y
FTX-0000452,FUEL-00087,VEH-00028,CLI-0001,2025-08-10T22:00:00,NT,Electricity,0,15.62,N
FTX-0000453,FUEL-00087,VEH-00028,CLI-0001,2025-10-28T06:00:00,NT,Electricity,0,21.22,N
FTX-0000454,FUEL-00087,VEH-00028,CLI-0001,2025-03-15T14:00:00,VIC,Electricity,0,47.58,N
FTX-0000455,FUEL-00087,VEH-00028,CLI-0001,2025-09-27T10:00:00,NT,Electricity,0,30.09,N
FTX-0000456,FUEL-00087,VEH-00028,CLI-0001,2026-01-13T02:00:00,SA,Electricity,0,39.02,Y
FTX-0000457,FUEL-00088,VEH-00034,CLI-0011,2026-02-26T05:00:00,ACT,Electricity,0,19.96,Y
FTX-0000458,FUEL-00088,VEH-00034,CLI-0011,2025-08-23T12:00:00,QLD,Electricity,0,41.53,N
FTX-0000459,FUEL-00088,VEH-00034,CLI-0011,2025-07-21T22:00:00,NSW,Electricity,0,19.51,N
FTX-0000460,FUEL-00088,VEH-00034,CLI-0011,2025-05-21T20:00:00,SA,Electricity,0,40.0,N
FTX-0000461,FUEL-00088,VEH-00034,CLI-0011,2025-12-24T23:00:00,WA,Electricity,0,51.62,Y
FTX-0000462,FUEL-00088,VEH-00034,CLI-0011,2026-01-26T17:00:00,VIC,Electricity,0,55.78,N
FTX-0000463,FUEL-00088,VEH-00034,CLI-0011,2026-01-22T03:00:00,TAS,Electricity,0,27.68,N
FTX-0000464,FUEL-00089,VEH-00092,CLI-0005,2025-02-07T20:00:00,NT,Premium Unleaded,50.65,83.98,Y
FTX-0000465,FUEL-00089,VEH-00092,CLI-0005,2025-07-23T01:00:00,NSW,Premium Unleaded,75.06,40.02,N
FTX-0000466,FUEL-00089,VEH-00092,CLI-0005,2026-01-19T14:00:00,NT,Premium Unleaded,42.28,31.1,N
FTX-0000467,FUEL-00090,VEH-00070,CLI-0014,2026-02-25T08:00:00,QLD,Electricity,0,16.19,N
FTX-0000468,FUEL-00090,VEH-00070,CLI-0014,2025-11-07T03:00:00,QLD,Electricity,0,22.12,Y
FTX-0000469,FUEL-00090,VEH-00070,CLI-0014,2025-03-28T02:00:00,NSW,Electricity,0,40.51,N
FTX-0000470,FUEL-00090,VEH-00070,CLI-0014,2025-08-14T11:00:00,QLD,Electricity,0,18.4,N
FTX-0000471,FUEL-00090,VEH-00070,CLI-0014,2026-04-03T21:00:00,WA,Electricity,0,29.22,N
FTX-0000472,FUEL-00090,VEH-00070,CLI-0014,2026-03-05T20:00:00,VIC,Electricity,0,26.75,N
FTX-0000473,FUEL-00091,VEH-00104,CLI-0017,2025-01-25T12:00:00,WA,Electricity,0,52.58,N
FTX-0000474,FUEL-00091,VEH-00104,CLI-0017,2026-04-11T07:00:00,WA,Electricity,0,12.39,Y
FTX-0000475,FUEL-00091,VEH-00104,CLI-0017,2025-01-15T00:00:00,TAS,Electricity,0,47.39,N
FTX-0000476,FUEL-00092,VEH-00139,CLI-0015,2025-08-01T16:00:00,VIC,Premium Unleaded,32.36,79.95,N
FTX-0000477,FUEL-00092,VEH-00139,CLI-0015,2026-04-24T17:00:00,ACT,Premium Unleaded,60.73,41.19,N
FTX-0000478,FUEL-00092,VEH-00139,CLI-0015,2025-06-15T05:00:00,NSW,Premium Unleaded,28.56,143.57,N
FTX-0000479,FUEL-00092,VEH-00139,CLI-0015,2025-08-23T07:00:00,VIC,Diesel,46.13,174.5,N
FTX-0000480,FUEL-00092,VEH-00139,CLI-0015,2026-03-30T06:00:00,ACT,Premium Unleaded,24.72,165.37,Y
FTX-0000481,FUEL-00092,VEH-00139,CLI-0015,2025-02-22T22:00:00,QLD,Premium Unleaded,82.95,202.13,N
FTX-0000482,FUEL-00092,VEH-00139,CLI-0015,2025-12-23T12:00:00,QLD,Premium Unleaded,82.85,51.66,N
FTX-0000483,FUEL-00092,VEH-00139,CLI-0015,2025-12-08T15:00:00,VIC,Premium Unleaded,82.64,21.39,Y
FTX-0000484,FUEL-00093,VEH-00051,CLI-0010,2025-10-28T22:00:00,NSW,Electricity,0,19.17,N
FTX-0000485,FUEL-00093,VEH-00051,CLI-0010,2025-06-08T07:00:00,ACT,Electricity,0,44.35,N
FTX-0000486,FUEL-00093,VEH-00051,CLI-0010,2025-01-31T04:00:00,TAS,Electricity,0,31.94,N
FTX-0000487,FUEL-00093,VEH-00051,CLI-0010,2025-03-19T12:00:00,WA,Electricity,0,38.82,N
FTX-0000488,FUEL-00093,VEH-00051,CLI-0010,2026-04-18T23:00:00,NT,Electricity,0,43.48,N
FTX-0000489,FUEL-00093,VEH-00051,CLI-0010,2025-03-10T08:00:00,TAS,Electricity,0,38.89,N
FTX-0000490,FUEL-00093,VEH-00051,CLI-0010,2025-09-24T13:00:00,SA,Electricity,0,44.03,N
FTX-0000491,FUEL-00094,VEH-00095,CLI-0008,2025-01-28T21:00:00,WA,Diesel,34.76,151.69,N
FTX-0000492,FUEL-00094,VEH-00095,CLI-0008,2025-07-15T16:00:00,TAS,Unleaded,59.7,102.93,N
FTX-0000493,FUEL-00094,VEH-00095,CLI-0008,2025-09-09T02:00:00,WA,Unleaded,26.01,139.8,N
FTX-0000494,FUEL-00094,VEH-00095,CLI-0008,2025-03-06T02:00:00,QLD,Diesel,80.17,123.38,N
FTX-0000495,FUEL-00095,VEH-00140,CLI-0013,2025-06-09T05:00:00,WA,Unleaded,66.95,99.41,N
FTX-0000496,FUEL-00095,VEH-00140,CLI-0013,2025-10-23T14:00:00,WA,Premium Unleaded,40.79,183.59,Y
FTX-0000497,FUEL-00095,VEH-00140,CLI-0013,2026-05-13T11:00:00,ACT,Premium Unleaded,26.96,50.21,Y
FTX-0000498,FUEL-00095,VEH-00140,CLI-0013,2025-11-09T23:00:00,ACT,Unleaded,48.21,175.36,Y
FTX-0000499,FUEL-00095,VEH-00140,CLI-0013,2025-07-15T13:00:00,VIC,Premium Unleaded,23.23,132.28,N
FTX-0000500,FUEL-00095,VEH-00140,CLI-0013,2025-03-31T08:00:00,ACT,Premium Unleaded,56.28,76.72,N
FTX-0000501,FUEL-00096,VEH-00013,CLI-0015,2025-02-06T10:00:00,QLD,Electricity,0,42.31,N
FTX-0000502,FUEL-00096,VEH-00013,CLI-0015,2025-03-21T06:00:00,NSW,Electricity,0,8.62,N
FTX-0000503,FUEL-00096,VEH-00013,CLI-0015,2025-09-09T12:00:00,ACT,Electricity,0,53.13,N
FTX-0000504,FUEL-00096,VEH-00013,CLI-0015,2025-07-16T15:00:00,SA,Electricity,0,38.77,N
FTX-0000505,FUEL-00096,VEH-00013,CLI-0015,2025-07-29T01:00:00,VIC,Electricity,0,26.47,N
FTX-0000506,FUEL-00096,VEH-00013,CLI-0015,2025-04-10T13:00:00,SA,Electricity,0,45.02,N
FTX-0000507,FUEL-00097,VEH-00006,CLI-0011,2025-07-17T13:00:00,WA,Unleaded,25.58,109.72,N
FTX-0000508,FUEL-00097,VEH-00006,CLI-0011,2025-12-13T00:00:00,QLD,Premium Unleaded,61.12,134.24,N
FTX-0000509,FUEL-00097,VEH-00006,CLI-0011,2025-11-05T18:00:00,QLD,Unleaded,37.77,40.41,N
FTX-0000510,FUEL-00097,VEH-00006,CLI-0011,2026-04-15T12:00:00,ACT,Diesel,61.95,130.54,N
FTX-0000511,FUEL-00097,VEH-00006,CLI-0011,2025-04-07T13:00:00,QLD,Premium Unleaded,54.15,66.55,N
FTX-0000512,FUEL-00097,VEH-00006,CLI-0011,2025-09-30T21:00:00,ACT,Diesel,53.04,77.13,Y
FTX-0000513,FUEL-00097,VEH-00006,CLI-0011,2026-04-19T23:00:00,VIC,Unleaded,68.65,140.15,N
FTX-0000514,FUEL-00097,VEH-00006,CLI-0011,2025-05-18T23:00:00,WA,Diesel,72.48,94.41,N
FTX-0000515,FUEL-00098,VEH-00029,CLI-0018,2025-02-19T02:00:00,ACT,Electricity,0,33.2,N
FTX-0000516,FUEL-00098,VEH-00029,CLI-0018,2026-01-11T13:00:00,QLD,Electricity,0,16.47,N
FTX-0000517,FUEL-00098,VEH-00029,CLI-0018,2025-12-27T04:00:00,WA,Electricity,0,31.35,N
FTX-0000518,FUEL-00099,VEH-00033,CLI-0006,2025-04-13T01:00:00,QLD,Electricity,0,46.84,N
FTX-0000519,FUEL-00099,VEH-00033,CLI-0006,2025-05-13T13:00:00,NT,Electricity,0,38.09,N
FTX-0000520,FUEL-00099,VEH-00033,CLI-0006,2026-03-21T20:00:00,QLD,Electricity,0,11.83,N
FTX-0000521,FUEL-00099,VEH-00033,CLI-0006,2025-07-13T03:00:00,SA,Electricity,0,11.08,N
FTX-0000522,FUEL-00100,VEH-00136,CLI-0010,2025-02-21T00:00:00,NSW,Premium Unleaded,63.71,162.35,N
FTX-0000523,FUEL-00100,VEH-00136,CLI-0010,2026-02-09T01:00:00,VIC,Unleaded,63.25,118.29,N
FTX-0000524,FUEL-00100,VEH-00136,CLI-0010,2025-09-24T08:00:00,NT,Premium Unleaded,45.29,163.33,Y
FTX-0000525,FUEL-00100,VEH-00136,CLI-0010,2025-12-16T10:00:00,TAS,Unleaded,42.87,198.67,Y
FTX-0000526,FUEL-00100,VEH-00136,CLI-0010,2025-01-30T11:00:00,TAS,Unleaded,45.46,18.59,Y
FTX-0000527,FUEL-00100,VEH-00136,CLI-0010,2026-03-31T04:00:00,NSW,Diesel,66.96,41.6,N
FTX-0000528,FUEL-00101,VEH-00068,CLI-0005,2025-12-04T15:00:00,ACT,Diesel,60.34,54.08,N
FTX-0000529,FUEL-00101,VEH-00068,CLI-0005,2025-07-04T01:00:00,TAS,Diesel,23.03,103.31,Y
FTX-0000530,FUEL-00101,VEH-00068,CLI-0005,2025-11-10T02:00:00,TAS,Premium Unleaded,46.81,198.3,Y
FTX-0000531,FUEL-00101,VEH-00068,CLI-0005,2026-03-15T22:00:00,VIC,Diesel,83.19,91.89,N
FTX-0000532,FUEL-00101,VEH-00068,CLI-0005,2026-03-22T16:00:00,NSW,Unleaded,66.14,113.6,N
FTX-0000533,FUEL-00101,VEH-00068,CLI-0005,2025-12-11T17:00:00,NT,Unleaded,40.68,190.11,N
FTX-0000534,FUEL-00102,VEH-00147,CLI-0011,2026-01-21T21:00:00,VIC,Unleaded,35.12,101.5,N
FTX-0000535,FUEL-00102,VEH-00147,CLI-0011,2026-04-21T10:00:00,ACT,Premium Unleaded,31.93,60.31,N
FTX-0000536,FUEL-00102,VEH-00147,CLI-0011,2026-05-03T21:00:00,VIC,Diesel,63.29,44.07,Y
FTX-0000537,FUEL-00102,VEH-00147,CLI-0011,2025-12-21T10:00:00,WA,Diesel,27.61,165.14,N
FTX-0000538,FUEL-00103,VEH-00010,CLI-0003,2026-01-07T12:00:00,ACT,Unleaded,68.06,60.92,N
FTX-0000539,FUEL-00103,VEH-00010,CLI-0003,2025-02-27T02:00:00,TAS,Diesel,40.04,131.7,N
FTX-0000540,FUEL-00103,VEH-00010,CLI-0003,2025-03-01T18:00:00,TAS,Unleaded,68.17,181.84,Y
FTX-0000541,FUEL-00103,VEH-00010,CLI-0003,2025-01-01T09:00:00,NSW,Diesel,57.77,120.84,Y
FTX-0000542,FUEL-00103,VEH-00010,CLI-0003,2025-06-13T11:00:00,QLD,Diesel,82.75,145.44,N
FTX-0000543,FUEL-00103,VEH-00010,CLI-0003,2025-01-05T17:00:00,NT,Premium Unleaded,28.61,45.78,N
FTX-0000544,FUEL-00103,VEH-00010,CLI-0003,2025-09-13T21:00:00,NT,Unleaded,73.91,133.48,N
FTX-0000545,FUEL-00103,VEH-00010,CLI-0003,2026-03-11T22:00:00,NSW,Diesel,68.32,79.47,N
FTX-0000546,FUEL-00104,VEH-00146,CLI-0013,2026-03-01T06:00:00,NT,Electricity,0,21.99,Y
FTX-0000547,FUEL-00104,VEH-00146,CLI-0013,2025-01-31T10:00:00,QLD,Electricity,0,47.74,N
FTX-0000548,FUEL-00104,VEH-00146,CLI-0013,2026-03-11T23:00:00,WA,Electricity,0,41.62,N
FTX-0000549,FUEL-00104,VEH-00146,CLI-0013,2026-04-18T05:00:00,NT,Electricity,0,42.91,N
FTX-0000550,FUEL-00104,VEH-00146,CLI-0013,2026-02-22T21:00:00,QLD,Electricity,0,55.57,Y
FTX-0000551,FUEL-00104,VEH-00146,CLI-0013,2025-06-22T13:00:00,NT,Electricity,0,55.54,Y
FTX-0000552,FUEL-00104,VEH-00146,CLI-0013,2025-07-20T02:00:00,SA,Electricity,0,21.55,N
FTX-0000553,FUEL-00104,VEH-00146,CLI-0013,2025-12-25T17:00:00,ACT,Electricity,0,12.67,N
FTX-0000554,FUEL-00105,VEH-00122,CLI-0013,2025-10-23T04:00:00,NT,Diesel,62.59,110.63,N
FTX-0000555,FUEL-00105,VEH-00122,CLI-0013,2026-02-16T23:00:00,WA,Diesel,35.01,143.04,N
FTX-0000556,FUEL-00105,VEH-00122,CLI-0013,2025-10-22T03:00:00,QLD,Premium Unleaded,67.01,200.48,Y
FTX-0000557,FUEL-00105,VEH-00122,CLI-0013,2025-03-28T01:00:00,VIC,Premium Unleaded,64.13,205.04,N
FTX-0000558,FUEL-00105,VEH-00122,CLI-0013,2025-03-02T16:00:00,TAS,Diesel,80.59,101.29,N
FTX-0000559,FUEL-00105,VEH-00122,CLI-0013,2025-07-26T07:00:00,NSW,Unleaded,60.87,64.24,Y
